,0
0,41.022
1,67.45
2,38.04
3,65.59
4,100.0
5,40.614
6,100.0
7,100.0
8,100.0
9,13.684
10,100.0
11,20.0
12,100.0
13,100.0
14,100.0
15,60.0
16,20.0
17,41.124
18,36.9
19,60.0
20,20.0
21,100.0
22,37.242
23,40.746
24,20.0
25,13.376
26,39.468
27,100.0
28,60.0
29,40.584
30,65.7
31,60.0
32,13.878
33,100.0
34,63.5
35,60.0
36,60.0
37,20.0
38,60.0
39,40.884
40,20.0
41,20.0
42,69.22
43,20.0
44,60.0
45,60.0
46,100.0
47,100.0
48,60.0
49,60.0
50,100.0
51,20.0
52,40.23
53,39.27
54,20.0
55,20.0
56,20.0
57,20.0
58,20.0
59,13.85
60,100.0
61,68.23
62,60.0
63,68.06
64,39.174
65,34.82
66,100.0
67,100.0
68,100.0
69,13.664
70,20.0
71,60.0
72,13.406
73,60.0
74,60.0
75,20.0
76,20.0
77,70.11
78,20.0
79,13.086
80,21.3
81,13.778
82,100.0
83,20.0
84,13.58
85,100.0
86,100.0
87,20.0
88,20.0
89,100.0
90,20.0
91,20.0
92,20.0
93,20.0
94,20.0
95,20.0
96,60.0
97,20.0
98,20.0
99,60.0
100,60.0
101,60.0
102,20.0
103,40.896
104,100.0
105,40.206
106,20.0
107,13.582
108,35.79
109,100.0
110,20.0
111,40.458
112,67.83
113,20.0
114,100.0
115,20.0
116,20.0
117,20.0
118,14.316
119,20.0
120,20.0
121,100.0
122,40.854
123,100.0
124,100.0
125,100.0
126,67.75
127,14.106
128,20.0
129,12.84
130,66.67
131,20.0
132,38.04
133,13.98
134,13.28
135,20.0
136,20.0
137,20.0
138,20.0
139,60.0
140,20.0
141,70.81
142,100.0
143,68.99
144,100.0
145,13.402
146,100.0
147,67.01
148,100.0
149,60.0
150,60.0
151,20.0
152,12.946
153,13.272
154,100.0
155,20.0
156,20.0
157,100.0
158,100.0
159,60.0
160,60.0
161,40.206
162,100.0
163,60.0
164,60.0
165,13.93
166,20.0
167,100.0
168,12.736
169,60.0
170,60.0
171,68.55
172,20.0
173,60.0
174,60.0
175,60.0
176,100.0
177,13.138
178,40.638
179,38.52
180,60.0
181,40.746
182,20.0
183,20.0
184,60.0
185,60.0
186,20.0
187,100.0
188,60.0
189,60.0
190,60.0
191,20.0
192,20.0
193,60.0
194,100.0
195,100.0
196,68.84
197,66.58
198,22.5
199,60.0
200,100.0
201,100.0
202,20.0
203,39.174
204,20.0
205,20.0
206,20.0
207,20.0
208,100.0
209,60.0
210,40.452
211,20.0
212,38.766
213,64.82
214,100.0
215,100.0
216,12.762
217,20.0
218,40.038
219,100.0
220,68.75
221,13.078
222,13.192
223,100.0
224,12.872
225,7.234
226,20.0
227,41.55
228,13.08
229,60.0
230,100.0
231,39.744
232,100.0
233,65.48
234,40.176
235,60.0
236,20.0
237,20.0
238,20.0
239,20.0
240,63.95
241,40.644
242,66.18
243,100.0
244,60.0
245,60.0
246,20.0
247,100.0
248,60.0
249,40.866
250,60.0
251,42.156
252,100.0
253,100.0
254,100.0
255,60.0
256,20.898
257,100.0
258,38.34
259,13.454
260,40.614
261,100.0
262,60.0
263,60.0
264,100.0
265,100.0
266,20.0
267,20.0
268,100.0
269,39.78
270,13.302
271,39.354
272,60.0
273,39.792
274,20.0
275,20.0
276,100.0
277,100.0
278,60.0
279,100.0
280,100.0
281,20.0
282,20.0
283,66.81
284,71.62
285,41.646
286,20.0
287,40.23
288,67.33
289,100.0
290,100.0
291,68.03
292,100.0
293,38.676
294,38.742
295,40.386
296,60.0
297,60.0
298,100.0
299,100.0
300,40.986
301,20.0
302,67.8
303,60.0
304,13.03
305,35.16
306,60.0
307,100.0
308,100.0
309,100.0
310,7.146
311,20.0
312,100.0
313,60.0
314,40.164
315,38.256
316,100.0
317,100.0
318,20.0
319,6.95
320,38.7
321,13.334
322,40.566
323,13.47
324,60.0
325,20.0
326,63.51
327,100.0
328,20.0
329,60.0
330,20.0
331,20.0
332,12.99
333,13.862
334,20.0
335,39.138
336,39.78
337,67.93
338,20.0
339,20.0
340,100.0
341,20.0
342,13.39
343,20.0
344,20.0
345,13.582
346,20.0
347,20.0
348,20.0
349,60.0
350,20.0
351,66.3
352,20.0
353,13.504
354,12.562
355,38.796
356,68.91
357,20.0
358,63.5
359,60.0
360,20.0
361,39.558
362,40.824
363,20.0
364,20.0
365,20.0
366,20.0
367,41.346
368,20.0
369,41.91
370,20.0
371,38.094
372,12.576
373,20.0
374,20.0
375,20.0
376,20.0
377,20.0
378,13.002
379,20.0
380,60.0
381,20.0
382,13.222
383,60.0
384,13.788
385,40.284
386,20.0
387,20.0
388,13.664
389,100.0
390,20.0
391,20.0
392,13.542
393,20.0
394,13.03
395,20.598
396,66.67
397,40.59
398,20.0
399,20.0
400,64.55
401,20.0
402,20.0
403,12.592
404,20.0
405,71.41
406,20.0
407,20.0
408,14.23
409,20.0
410,100.0
411,20.0
412,13.55
413,20.0
414,13.8
415,20.0
416,20.0
417,100.0
418,100.0
419,20.0
420,38.574
421,20.0
422,20.0
423,20.0
424,13.442
425,40.428
426,40.56
427,100.0
428,12.876
429,13.474
430,20.0
431,7.158
432,20.0
433,20.0
434,20.0
435,20.0
436,20.0
437,13.282
438,60.0
439,20.0
440,20.0
441,100.0
442,20.0
443,20.0
444,41.052
445,100.0
446,12.708
447,13.126
448,60.0
449,20.0
450,20.0
451,20.0
452,20.0
453,20.0
454,20.0
455,20.0
456,12.772
457,20.0
458,38.784
459,13.176
460,20.0
461,20.0
462,60.0
463,20.0
464,13.914
465,20.0
466,20.0
467,20.0
468,20.0
469,20.0
470,20.0
471,20.0
472,20.0
473,20.0
474,100.0
475,20.0
476,40.104
477,100.0
478,20.0
479,40.212
480,13.694
481,13.552
482,12.708
483,20.0
484,20.0
485,20.0
486,60.0
487,39.846
488,60.0
489,20.0
490,20.0
491,20.0
492,7.442
493,100.0
494,20.0
495,20.0
496,20.0
497,100.0
498,20.0
499,100.0
500,100.0
501,38.874
502,20.0
503,13.548
504,20.61
505,20.0
506,40.728
507,20.0
508,39.342
509,100.0
510,20.0
511,20.0
512,20.0
513,60.0
514,39.672
515,20.0
516,20.0
517,66.82
518,20.0
519,20.0
520,14.016
521,20.0
522,20.0
523,20.0
524,67.41
525,20.0
526,20.0
527,100.0
528,60.0
529,20.0
530,12.674
531,20.0
532,60.0
533,20.0
534,20.0
535,12.936
536,60.0
537,20.0
538,20.0
539,60.0
540,20.0
541,40.95
542,20.0
543,20.0
544,20.0
545,20.0
546,20.0
547,20.0
548,20.0
549,20.0
550,13.25
551,40.74
552,20.0
553,13.26
554,65.34
555,20.0
556,69.15
557,20.0
558,20.0
559,20.0
560,20.0
561,20.0
562,20.0
563,13.878
564,60.0
565,20.0
566,20.0
567,67.29
568,63.46
569,20.0
570,20.0
571,20.0
572,20.0
573,20.0
574,20.0
575,20.0
576,100.0
577,20.0
578,40.926
579,64.3
580,66.27
581,20.0
582,13.442
583,20.0
584,100.0
585,12.766
586,34.33
587,20.0
588,60.0
589,42.594
590,39.564
591,20.0
592,20.0
593,100.0
594,13.342
595,13.012
596,20.0
597,20.0
598,13.136
599,20.0
600,20.0
601,20.0
602,20.0
603,20.0
604,38.514
605,20.0
606,14.116
607,100.0
608,20.0
609,20.0
610,20.0
611,13.55
612,21.618
613,20.0
614,100.0
615,13.99
616,20.0
617,100.0
618,67.04
619,20.0
620,20.0
621,35.86
622,14.0
623,20.0
624,20.0
625,13.536
626,42.282
627,12.842
628,20.0
629,20.0
630,12.892
631,20.0
632,20.0
633,20.0
634,20.0
635,20.0
636,13.104
637,20.0
638,20.0
639,20.0
640,20.0
641,20.0
642,20.0
643,20.0
644,20.0
645,20.0
646,20.0
647,36.46
648,20.0
649,20.0
650,20.0
651,20.0
652,20.0
653,60.0
654,65.59
655,20.0
656,20.0
657,100.0
658,20.0
659,39.354
660,20.0
661,100.0
662,20.0
663,20.0
664,20.0
665,20.0
666,20.0
667,13.178
668,20.0
669,60.0
670,12.778
671,13.09
672,60.0
673,13.642
674,13.118
675,14.16
676,65.76
677,20.0
678,20.0
679,20.0
680,20.0
681,20.0
682,20.0
683,60.0
684,40.578
685,20.0
686,60.0
687,20.0
688,60.0
689,60.0
690,40.602
691,20.0
692,20.0
693,20.0
694,60.0
695,13.606
696,100.0
697,41.64
698,20.0
699,20.0
700,100.0
701,20.0
702,20.0
703,20.0
704,20.0
705,12.932
706,38.664
707,100.0
708,20.0
709,20.0
710,20.0
711,20.0
712,20.0
713,20.0
714,20.0
715,20.0
716,20.0
717,20.0
718,40.626
719,20.0
720,20.0
721,20.0
722,20.0
723,20.0
724,20.0
725,20.0
726,100.0
727,20.0
728,20.0
729,13.13
730,38.97
731,20.0
732,20.0
733,20.0
734,68.68
735,20.0
736,41.166
737,60.0
738,20.0
739,20.0
740,38.826
741,20.0
742,39.942
743,100.0
744,20.0
745,20.0
746,60.0
747,100.0
748,39.576
749,20.0
750,100.0
751,100.0
752,20.0
753,12.726
754,100.0
755,20.0
756,13.376
757,20.0
758,20.0
759,14.316
760,60.0
761,20.0
762,20.0
763,20.0
764,13.448
765,20.0
766,20.0
767,20.0
768,20.0
769,20.0
770,13.002
771,39.954
772,20.0
773,20.0
774,20.0
775,20.0
776,100.0
777,20.0
778,67.03
779,20.0
780,20.0
781,13.764
782,60.0
783,20.0
784,12.91
785,40.416
786,20.0
787,60.0
788,12.784
789,12.668
790,100.0
791,20.0
792,20.0
793,20.0
794,20.0
795,20.0
796,20.0
797,13.142
798,20.0
799,100.0
800,20.0
801,13.878
802,20.0
803,20.0
804,20.0
805,20.0
806,67.83
807,100.0
808,20.0
809,20.0
810,20.0
811,20.0
812,20.0
813,20.0
814,20.0
815,20.0
816,60.0
817,20.0
818,20.0
819,20.0
820,20.0
821,20.0
822,65.44
823,20.0
824,13.374
825,20.0
826,20.0
827,100.0
828,20.0
829,20.0
830,100.0
831,20.0
832,60.0
833,60.0
834,20.0
835,22.392
836,13.098
837,13.132
838,20.0
839,20.0
840,20.0
841,66.0
842,20.0
843,20.0
844,20.0
845,20.0
846,39.36
847,20.0
848,20.0
849,20.0
850,20.0
851,100.0
852,12.722
853,36.822
854,20.0
855,20.0
856,20.0
857,20.0
858,20.0
859,60.0
860,40.23
861,20.0
862,20.0
863,20.0
864,100.0
865,20.0
866,20.0
867,60.0
868,20.0
869,20.0
870,20.0
871,13.266
872,20.0
873,13.932
874,13.868
875,60.0
876,20.0
877,20.0
878,20.0
879,7.216
880,20.0
881,20.0
882,65.99
883,20.0
884,20.0
885,20.0
886,20.0
887,35.58
888,20.0
889,20.0
890,20.0
891,41.802
892,20.0
893,13.474
894,100.0
895,40.164
896,66.97
897,20.0
898,67.75
899,20.0
900,38.934
901,40.398
902,71.42
903,20.0
904,66.0
905,60.0
906,20.0
907,20.0
908,100.0
909,20.0
910,13.704
911,20.0
912,20.0
913,20.0
914,20.0
915,20.0
916,100.0
917,20.0
918,20.0
919,20.0
920,13.442
921,64.97
922,20.0
923,20.0
924,20.0
925,20.0
926,20.0
927,67.35
928,38.97
929,20.0
930,20.0
931,13.09
932,20.0
933,20.0
934,6.796
935,20.0
936,20.0
937,13.196
938,20.0
939,13.544
940,20.0
941,20.0
942,20.0
943,20.0
944,20.0
945,20.0
946,20.0
947,20.0
948,20.0
949,20.0
950,20.0
951,20.0
952,37.116
953,20.0
954,20.0
955,20.0
956,20.0
957,20.0
958,20.0
959,20.0
960,20.0
961,20.0
962,20.0
963,60.0
964,20.0
965,20.0
966,20.0
967,100.0
968,20.0
969,100.0
970,20.0
971,60.0
972,20.0
973,20.0
974,41.64
975,13.03
976,20.0
977,35.51
978,20.0
979,20.0
980,20.0
981,20.0
982,20.0
983,20.0
984,20.0
985,100.0
986,60.0
987,65.56
988,20.0
989,35.12
990,60.0
991,20.0
992,20.0
993,20.0
994,20.0
995,20.0
996,20.0
997,40.518
998,20.0
999,13.476
1000,60.0
1001,60.0
1002,39.258
1003,20.0
1004,39.606
1005,60.0
1006,20.0
1007,20.0
1008,20.0
1009,20.0
1010,20.0
1011,20.0
1012,20.0
1013,60.0
1014,100.0
1015,60.0
1016,20.0
1017,20.0
1018,100.0
1019,20.0
1020,20.0
1021,20.0
1022,38.19
1023,20.0
1024,20.0
1025,20.0
1026,37.752
1027,20.0
1028,20.0
1029,20.0
1030,69.87
1031,60.0
1032,20.0
1033,20.0
1034,100.0
1035,20.0
1036,13.878
1037,38.172
1038,20.0
1039,20.0
1040,20.0
1041,20.0
1042,100.0
1043,20.0
1044,20.0
1045,40.824
1046,13.172
1047,13.536
1048,13.978
1049,20.0
1050,100.0
1051,20.0
1052,13.026
1053,60.0
1054,20.0
1055,12.784
1056,40.326
1057,20.0
1058,40.842
1059,41.586
1060,20.0
1061,60.0
1062,68.48
1063,20.0
1064,100.0
1065,20.0
1066,41.256
1067,13.622
1068,20.0
1069,20.0
1070,20.0
1071,20.0
1072,20.0
1073,20.0
1074,60.0
1075,20.0
1076,14.058
1077,13.712
1078,41.07
1079,20.0
1080,60.0
1081,20.0
1082,20.0
1083,13.242
1084,20.0
1085,20.0
1086,20.0
1087,20.0
1088,20.0
1089,20.0
1090,20.0
1091,20.0
1092,20.0
1093,20.0
1094,60.0
1095,13.4
1096,60.0
1097,13.108
1098,20.0
1099,20.0
1100,40.188
1101,20.0
1102,20.0
1103,20.0
1104,14.174
1105,60.0
1106,20.0
1107,13.618
1108,20.0
1109,40.8
1110,20.0
1111,20.0
1112,39.93
1113,60.0
1114,20.0
1115,100.0
1116,13.548
1117,65.93
1118,20.0
1119,13.618
1120,13.56
1121,20.0
1122,20.0
1123,20.0
1124,20.0
1125,40.47
1126,20.0
1127,20.0
1128,20.0
1129,13.976
1130,13.26
1131,13.144
1132,13.68
1133,20.0
1134,38.484
1135,20.0
1136,13.404
1137,20.0
1138,20.0
1139,20.0
1140,13.524
1141,20.0
1142,20.0
1143,20.0
1144,20.0
1145,20.0
1146,40.644
1147,20.0
1148,60.0
1149,20.0
1150,20.0
1151,13.846
1152,20.0
1153,20.0
1154,38.622
1155,20.0
1156,69.97
1157,20.0
1158,20.0
1159,20.0
1160,20.0
1161,37.554
1162,20.0
1163,20.0
1164,20.0
1165,20.0
1166,20.0
1167,12.93
1168,13.142
1169,41.424
1170,20.0
1171,20.0
1172,40.83
1173,20.0
1174,40.032
1175,20.0
1176,20.0
1177,20.0
1178,20.0
1179,20.0
1180,20.0
1181,20.0
1182,20.0
1183,100.0
1184,20.0
1185,20.0
1186,100.0
1187,39.132
1188,20.0
1189,20.0
1190,37.95
1191,13.13
1192,20.0
1193,20.0
1194,14.106
1195,20.0
1196,20.0
1197,65.33
1198,68.09
1199,60.0
1200,20.0
1201,20.0
1202,20.0
1203,20.0
1204,20.0
1205,20.0
1206,20.0
1207,20.0
1208,39.906
1209,100.0
1210,20.0
1211,60.0
1212,20.0
1213,20.0
1214,60.0
1215,20.0
1216,12.87
1217,100.0
1218,20.0
1219,20.0
1220,20.0
1221,12.904
1222,20.0
1223,33.67
1224,20.0
1225,20.0
1226,20.0
1227,20.0
1228,13.374
1229,100.0
1230,20.0
1231,100.0
1232,20.0
1233,60.0
1234,20.0
1235,20.0
1236,14.25
1237,35.8
1238,20.0
1239,20.0
1240,37.896
1241,13.642
1242,20.0
1243,20.0
1244,20.0
1245,18.572
1246,60.0
1247,67.37
1248,20.0
1249,20.0
1250,100.0
1251,100.0
1252,20.0
1253,13.458
1254,100.0
1255,33.66
1256,20.0
1257,20.0
1258,20.0
1259,67.41
1260,20.0
1261,64.87
1262,42.282
1263,60.0
1264,39.6
1265,40.878
1266,12.848
1267,13.034
1268,66.79
1269,20.0
1270,21.9
1271,20.0
1272,13.37
1273,20.0
1274,20.0
1275,12.394
1276,20.0
1277,20.0
1278,20.0
1279,13.31
1280,20.0
1281,20.0
1282,20.0
1283,40.8
1284,20.0
1285,20.0
1286,41.538
1287,70.28
1288,20.0
1289,20.0
1290,20.0
1291,20.0
1292,20.0
1293,20.0
1294,20.0
1295,60.0
1296,100.0
1297,38.922
1298,60.0
1299,64.36
1300,20.0
1301,13.268
1302,20.0
1303,14.054
1304,60.0
1305,20.0
1306,20.0
1307,20.0
1308,60.0
1309,100.0
1310,39.864
1311,20.0
1312,20.0
1313,20.0
1314,20.0
1315,20.0
1316,12.668
1317,20.0
1318,20.0
1319,20.0
1320,13.118
1321,20.0
1322,100.0
1323,13.376
1324,41.052
1325,41.544
1326,100.0
1327,20.0
1328,66.96
1329,100.0
1330,60.0
1331,13.112
1332,14.1
1333,67.35
1334,20.0
1335,13.28
1336,20.0
1337,20.0
1338,20.0
1339,60.0
1340,20.0
1341,37.56
1342,20.0
1343,100.0
1344,20.0
1345,20.0
1346,14.0
1347,20.0
1348,12.666
1349,100.0
1350,20.0
1351,100.0
1352,100.0
1353,65.31
1354,100.0
1355,13.37
1356,20.0
1357,20.0
1358,40.878
1359,20.0
1360,70.21
1361,20.0
1362,13.028
1363,20.0
1364,20.0
1365,20.0
1366,20.0
1367,20.0
1368,20.0
1369,12.996
1370,13.442
1371,40.14
1372,64.97
1373,20.0
1374,20.0
1375,100.0
1376,100.0
1377,20.0
1378,20.0
1379,40.884
1380,20.0
1381,69.07
1382,40.002
1383,100.0
1384,20.0
1385,100.0
1386,20.0
1387,13.426
1388,13.798
1389,20.0
1390,20.0
1391,20.0
1392,41.466
1393,100.0
1394,20.0
1395,20.0
1396,20.0
1397,13.932
1398,41.226
1399,13.358
1400,20.0
1401,20.0
1402,20.0
1403,20.0
1404,100.0
1405,20.0
1406,40.824
1407,100.0
1408,12.888
1409,12.842
1410,20.0
1411,20.0
1412,20.0
1413,20.0
1414,20.0
1415,69.63
1416,20.0
1417,20.0
1418,20.0
1419,100.0
1420,20.0
1421,20.0
1422,20.0
1423,20.0
1424,39.906
1425,20.0
1426,65.66
1427,20.0
1428,13.696
1429,13.074
1430,20.0
1431,60.0
1432,20.0
1433,100.0
1434,20.0
1435,34.3
1436,100.0
1437,20.0
1438,68.89
1439,14.11
1440,20.0
1441,20.0
1442,20.0
1443,100.0
1444,20.0
1445,7.022
1446,60.0
1447,20.0
1448,20.0
1449,40.41
1450,20.0
1451,100.0
1452,13.684
1453,20.0
1454,100.0
1455,20.0
1456,20.0
1457,20.0
1458,20.0
1459,13.266
1460,100.0
1461,20.0
1462,20.0
1463,60.0
1464,60.0
1465,20.0
1466,20.0
1467,20.0
1468,20.0
1469,13.3
1470,40.8
1471,20.0
1472,20.0
1473,37.212
1474,34.14
1475,20.0
1476,60.0
1477,13.436
1478,20.0
1479,14.258
1480,20.0
1481,14.224
1482,13.59
1483,20.0
1484,20.0
1485,100.0
1486,60.0
1487,20.0
1488,20.0
1489,60.0
1490,100.0
1491,20.0
1492,43.476
1493,20.0
1494,13.412
1495,20.0
1496,20.0
1497,20.0
1498,13.738
1499,65.61
1500,20.0
1501,60.0
1502,60.0
1503,20.0
1504,20.0
1505,20.0
1506,20.0
1507,20.0
1508,60.0
1509,20.0
1510,13.494
1511,20.0
1512,60.0
1513,20.0
1514,60.0
1515,60.0
1516,13.944
1517,20.0
1518,100.0
1519,39.768
1520,20.0
1521,60.0
1522,100.0
1523,20.0
1524,20.0
1525,100.0
1526,13.486
1527,60.0
1528,20.0
1529,100.0
1530,14.174
1531,20.0
1532,66.39
1533,42.204
1534,20.0
1535,20.0
1536,100.0
1537,60.0
1538,20.0
1539,20.0
1540,20.0
1541,20.0
1542,20.0
1543,20.0
1544,20.0
1545,41.442
1546,13.436
1547,60.0
1548,100.0
1549,100.0
1550,13.334
1551,68.89
1552,20.0
1553,40.302
1554,71.85
1555,20.25
1556,20.0
1557,38.244
1558,20.0
1559,20.0
1560,40.194
1561,20.0
1562,60.0
1563,20.0
1564,13.054
1565,100.0
1566,64.58
1567,20.0
1568,20.0
1569,20.0
1570,20.0
1571,20.0
1572,13.66
1573,20.0
1574,20.0
1575,20.0
1576,20.0
1577,20.0
1578,20.0
1579,100.0
1580,39.798
1581,14.138
1582,20.0
1583,13.196
1584,13.304
1585,100.0
1586,38.418
1587,20.0
1588,20.0
1589,20.0
1590,100.0
1591,13.786
1592,20.0
1593,20.0
1594,20.0
1595,68.42
1596,20.0
1597,20.0
1598,13.118
1599,100.0
1600,100.0
1601,39.39
1602,20.0
1603,20.0
1604,60.0
1605,13.182
1606,60.0
1607,20.0
1608,20.0
1609,39.492
1610,20.0
1611,100.0
1612,67.11
1613,20.0
1614,60.0
1615,37.224
1616,20.0
1617,20.0
1618,20.0
1619,20.0
1620,20.0
1621,20.0
1622,39.048
1623,100.0
1624,60.0
1625,20.0
1626,21.3
1627,13.952
1628,20.0
1629,60.0
1630,20.0
1631,20.0
1632,60.0
1633,65.22
1634,20.0
1635,20.0
1636,65.76
1637,40.254
1638,13.468
1639,20.0
1640,20.0
1641,40.776
1642,13.484
1643,20.0
1644,67.41
1645,20.0
1646,20.0
1647,41.25
1648,20.0
1649,39.798
1650,100.0
1651,20.0
1652,20.796
1653,20.0
1654,20.0
1655,20.0
1656,20.0
1657,20.0
1658,20.0
1659,20.0
1660,20.0
1661,20.0
1662,13.554
1663,100.0
1664,66.08
1665,20.0
1666,100.0
1667,64.52
1668,38.298
1669,20.0
1670,20.0
1671,20.0
1672,11.836
1673,68.32
1674,13.27
1675,12.962
1676,100.0
1677,20.0
1678,66.81
1679,13.132
1680,60.0
1681,40.824
1682,37.05
1683,20.0
1684,39.546
1685,40.89
1686,20.0
1687,13.374
1688,20.0
1689,20.0
1690,20.0
1691,12.91
1692,60.0
1693,20.0
1694,13.816
1695,20.0
1696,20.0
1697,20.0
1698,13.732
1699,20.0
1700,20.0
1701,20.0
1702,40.986
1703,20.0
1704,20.0
1705,20.0
1706,20.0
1707,20.0
1708,20.0
1709,100.0
1710,60.0
1711,20.0
1712,20.0
1713,20.0
1714,13.85
1715,20.0
1716,20.0
1717,20.0
1718,20.0
1719,13.976
1720,20.0
1721,20.0
1722,20.0
1723,20.0
1724,20.0
1725,13.388
1726,20.0
1727,67.01
1728,40.452
1729,20.0
1730,20.0
1731,20.0
1732,67.15
1733,20.0
1734,20.0
1735,100.0
1736,20.0
1737,66.34
1738,67.03
1739,65.65
1740,20.0
1741,37.746
1742,12.736
1743,20.0
1744,100.0
1745,100.0
1746,100.0
1747,100.0
1748,20.0
1749,100.0
1750,20.0
1751,20.0
1752,42.168
1753,60.0
1754,38.748
1755,20.0
1756,60.0
1757,13.754
1758,65.98
1759,67.12
1760,20.0
1761,60.0
1762,39.132
1763,68.06
1764,100.0
1765,20.0
1766,20.0
1767,100.0
1768,100.0
1769,100.0
1770,100.0
1771,20.0
1772,20.0
1773,20.0
1774,20.0
1775,20.0
1776,64.88
1777,38.838
1778,60.0
1779,14.02
1780,20.0
1781,20.0
1782,20.0
1783,13.264
1784,20.0
1785,60.0
1786,60.0
1787,20.0
1788,14.088
1789,20.0
1790,39.684
1791,20.0
1792,20.0
1793,20.0
1794,100.0
1795,65.44
1796,40.284
1797,20.0
1798,20.0
1799,60.0
1800,60.0
1801,60.0
1802,20.0
1803,60.0
1804,20.0
1805,20.0
1806,39.042
1807,20.0
1808,60.0
1809,60.0
1810,13.256
1811,60.0
1812,100.0
1813,100.0
1814,100.0
1815,20.0
1816,13.612
1817,60.0
1818,14.072
1819,100.0
1820,20.0
1821,39.426
1822,60.0
1823,20.0
1824,60.0
1825,66.69
1826,20.0
1827,20.0
1828,13.712
1829,13.14
1830,13.238
1831,20.0
1832,60.0
1833,60.0
1834,20.0
1835,12.962
1836,20.0
1837,20.0
1838,20.0
1839,41.154
1840,13.228
1841,20.0
1842,69.15
1843,60.0
1844,100.0
1845,20.0
1846,60.0
1847,41.814
1848,60.0
1849,14.168
1850,20.0
1851,20.0
1852,100.0
1853,13.898
1854,12.762
1855,20.0
1856,40.146
1857,100.0
1858,41.73
1859,20.0
1860,100.0
1861,20.0
1862,12.384
1863,20.0
1864,13.258
1865,100.0
1866,60.0
1867,39.6
1868,20.0
1869,20.0
1870,20.0
1871,20.0
1872,20.0
1873,60.0
1874,40.686
1875,20.0
1876,20.0
1877,20.0
1878,38.13
1879,41.172
1880,41.052
1881,13.27
1882,42.246
1883,13.016
1884,20.0
1885,13.402
1886,40.002
1887,12.97
1888,60.0
1889,60.0
1890,60.0
1891,20.0
1892,20.0
1893,63.54
1894,12.656
1895,20.0
1896,21.072
1897,20.0
1898,20.0
1899,60.0
1900,20.0
1901,20.0
1902,39.228
1903,60.0
1904,20.0
1905,20.0
1906,20.0
1907,20.0
1908,20.0
1909,20.0
1910,20.0
1911,20.0
1912,60.0
1913,20.0
1914,41.334
1915,20.0
1916,13.798
1917,65.59
1918,60.0
1919,20.0
1920,60.0
1921,60.0
1922,100.0
1923,20.0
1924,20.0
1925,66.67
1926,39.42
1927,39.174
1928,13.676
1929,100.0
1930,13.266
1931,20.0
1932,100.0
1933,38.298
1934,60.0
1935,38.43
1936,12.608
1937,100.0
1938,13.076
1939,100.0
1940,38.496
1941,38.712
1942,100.0
1943,100.0
1944,63.64
1945,20.0
1946,38.982
1947,13.474
1948,60.0
1949,60.0
1950,20.0
1951,41.538
1952,20.0
1953,67.53
1954,20.0
1955,20.0
1956,65.25
1957,20.0
1958,20.0
1959,66.67
1960,7.092
1961,67.37
1962,100.0
1963,13.112
1964,39.93
1965,13.71
1966,60.0
1967,20.0
1968,60.0
1969,13.068
1970,20.0
1971,60.0
1972,13.264
1973,38.478
1974,36.26
1975,68.89
1976,100.0
1977,20.0
1978,20.0
1979,20.0
1980,20.0
1981,66.17
1982,20.0
1983,13.196
1984,39.558
1985,20.0
1986,20.0
1987,20.0
1988,13.356
1989,20.0
1990,20.0
1991,60.0
1992,20.0
1993,20.0
1994,60.0
1995,20.0
1996,20.0
1997,14.094
1998,100.0
1999,100.0
2000,20.0
2001,20.0
2002,13.264
2003,20.0
2004,100.0
2005,20.0
2006,20.0
2007,20.0
2008,20.0
2009,20.0
2010,20.0
2011,13.242
2012,100.0
2013,13.47
2014,20.0
2015,20.0
2016,20.0
2017,60.0
2018,20.0
2019,67.71
2020,67.68
2021,20.0
2022,20.0
2023,100.0
2024,20.0
2025,12.736
2026,20.0
2027,20.0
2028,20.0
2029,13.156
2030,100.0
2031,20.0
2032,20.0
2033,20.0
2034,20.0
2035,20.0
2036,20.0
2037,20.0
2038,39.18
2039,13.676
2040,100.0
2041,20.0
2042,20.0
2043,20.0
2044,60.0
2045,20.0
2046,20.0
2047,60.0
2048,20.0
2049,20.0
2050,20.0
2051,64.58
2052,20.0
2053,14.226
2054,20.0
2055,20.0
2056,14.088
2057,100.0
2058,13.102
2059,60.0
2060,20.0
2061,35.2
2062,13.47
2063,20.0
2064,40.644
2065,20.0
2066,20.0
2067,100.0
2068,12.968
2069,20.0
2070,68.09
2071,12.93
2072,20.0
2073,20.0
2074,20.0
2075,13.974
2076,42.048
2077,13.14
2078,60.0
2079,40.758
2080,38.196
2081,40.14
2082,20.0
2083,20.0
2084,20.0
2085,13.572
2086,100.0
2087,20.0
2088,20.0
2089,14.02
2090,41.052
2091,13.674
2092,20.0
2093,20.0
2094,12.444
2095,20.0
2096,68.89
2097,20.0
2098,12.842
2099,20.0
2100,20.0
2101,12.772
2102,60.0
2103,20.0
2104,20.0
2105,100.0
2106,20.0
2107,60.0
2108,20.0
2109,20.0
2110,40.458
2111,40.524
2112,20.0
2113,20.0
2114,13.83
2115,20.0
2116,20.0
2117,20.0
2118,20.0
2119,60.0
2120,13.738
2121,20.0
2122,39.348
2123,20.0
2124,12.97
2125,20.0
2126,20.0
2127,13.548
2128,20.0
2129,20.0
2130,20.0
2131,20.0
2132,6.904
2133,13.72
2134,38.85
2135,13.444
2136,100.0
2137,20.0
2138,63.67
2139,20.0
2140,20.0
2141,60.0
2142,20.0
2143,20.0
2144,20.0
2145,63.01
2146,20.0
2147,20.0
2148,38.328
2149,20.0
2150,68.42
2151,39.666
2152,20.0
2153,20.0
2154,60.0
2155,20.0
2156,14.134
2157,20.0
2158,20.0
2159,20.0
2160,100.0
2161,20.0
2162,20.0
2163,20.0
2164,20.0
2165,69.96
2166,20.0
2167,40.374
2168,13.83
2169,100.0
2170,20.0
2171,20.0
2172,20.0
2173,38.796
2174,60.0
2175,100.0
2176,20.0
2177,20.0
2178,13.132
2179,20.0
2180,41.022
2181,12.738
2182,68.57
2183,100.0
2184,41.178
2185,20.0
2186,100.0
2187,20.0
2188,20.0
2189,100.0
2190,65.6
2191,40.626
2192,37.962
2193,20.0
2194,20.0
2195,13.72
2196,13.39
2197,100.0
2198,20.0
2199,20.0
2200,20.0
2201,20.0
2202,20.0
2203,12.634
2204,60.0
2205,20.0
2206,20.0
2207,13.346
2208,20.0
2209,20.0
2210,20.0
2211,13.564
2212,20.0
2213,100.0
2214,66.61
2215,41.724
2216,39.576
2217,20.0
2218,20.0
2219,12.968
2220,60.0
2221,20.0
2222,13.914
2223,20.0
2224,64.71
2225,60.0
2226,20.0
2227,60.0
2228,60.0
2229,20.0
2230,20.0
2231,20.0
2232,13.428
2233,40.806
2234,39.978
2235,60.0
2236,20.0
2237,21.996
2238,60.0
2239,60.0
2240,60.0
2241,100.0
2242,20.0
2243,20.0
2244,20.0
2245,100.0
2246,20.0
2247,38.784
2248,20.0
2249,20.0
2250,20.0
2251,60.0
2252,20.0
2253,20.0
2254,20.0
2255,41.742
2256,20.0
2257,100.0
2258,39.138
2259,20.0
2260,20.0
2261,20.0
2262,60.0
2263,60.0
2264,20.0
2265,13.334
2266,20.0
2267,20.0
2268,13.282
2269,20.0
2270,20.0
2271,66.3
2272,20.0
2273,20.0
2274,39.588
2275,20.0
2276,20.0
2277,20.0
2278,100.0
2279,20.0
2280,13.066
2281,20.0
2282,20.0
2283,13.382
2284,20.0
2285,13.406
2286,20.0
2287,20.0
2288,20.0
2289,13.052
2290,20.0
2291,100.0
2292,66.97
2293,65.26
2294,20.0
2295,20.0
2296,20.0
2297,67.92
2298,20.0
2299,38.712
2300,20.0
2301,20.0
2302,40.512
2303,60.0
2304,41.232
2305,20.0
2306,39.786
2307,40.836
2308,20.0
2309,39.462
2310,100.0
2311,20.0
2312,20.0
2313,70.97
2314,100.0
2315,100.0
2316,20.0
2317,20.0
2318,20.0
2319,20.0
2320,41.97
2321,20.0
2322,6.912
2323,20.0
2324,12.992
2325,13.158
2326,20.0
2327,20.0
2328,60.0
2329,20.0
2330,100.0
2331,39.474
2332,20.0
2333,20.0
2334,12.674
2335,20.0
2336,20.0
2337,20.0
2338,20.0
2339,12.722
2340,20.0
2341,20.0
2342,20.0
2343,20.0
2344,60.0
2345,20.0
2346,20.0
2347,68.09
2348,60.0
2349,40.722
2350,12.748
2351,100.0
2352,20.0
2353,60.0
2354,42.09
2355,20.0
2356,21.066
2357,60.0
2358,13.052
2359,60.0
2360,60.0
2361,20.0
2362,60.0
2363,100.0
2364,100.0
2365,100.0
2366,20.0
2367,20.0
2368,100.0
2369,20.0
2370,14.048
2371,40.476
2372,20.0
2373,13.02
2374,13.8
2375,20.0
2376,60.0
2377,40.2
2378,20.0
2379,20.0
2380,100.0
2381,13.674
2382,20.0
2383,14.16
2384,20.0
2385,40.908
2386,38.292
2387,60.0
2388,20.0
2389,20.0
2390,38.934
2391,67.71
2392,20.0
2393,20.0
2394,20.0
2395,20.0
2396,20.0
2397,20.0
2398,66.34
2399,12.916
2400,38.376
2401,60.0
2402,38.244
2403,20.0
2404,20.0
2405,20.0
2406,60.0
2407,60.0
2408,13.852
2409,20.0
2410,100.0
2411,20.0
2412,100.0
2413,20.0
2414,60.0
2415,60.0
2416,13.686
2417,13.492
2418,7.174
2419,39.354
2420,20.0
2421,20.0
2422,65.63
2423,14.25
2424,20.0
2425,60.0
2426,33.68
2427,20.0
2428,20.0
2429,20.0
2430,67.99
2431,20.0
2432,60.0
2433,13.88
2434,38.292
2435,20.0
2436,100.0
2437,20.0
2438,60.0
2439,100.0
2440,20.0
2441,20.0
2442,20.0
2443,100.0
2444,100.0
2445,37.638
2446,60.0
2447,20.0
2448,39.024
2449,100.0
2450,41.664
2451,100.0
2452,20.0
2453,20.0
2454,70.47
2455,20.0
2456,20.0
2457,13.2
2458,68.42
2459,20.0
2460,7.038
2461,60.0
2462,43.638
2463,40.5
2464,35.0
2465,20.0
2466,20.0
2467,60.0
2468,41.028
2469,41.244
2470,100.0
2471,100.0
2472,100.0
2473,100.0
2474,20.0
2475,100.0
2476,13.918
2477,60.0
2478,40.644
2479,41.442
2480,65.91
2481,14.106
2482,40.992
2483,40.824
2484,100.0
2485,12.506
2486,66.76
2487,20.0
2488,39.822
2489,60.0
2490,60.0
2491,69.12
2492,60.0
2493,60.0
2494,34.76
2495,20.0
2496,20.0
2497,60.0
2498,100.0
2499,20.0
2500,100.0
2501,69.53
2502,100.0
2503,20.0
2504,60.0
2505,100.0
2506,39.354
2507,20.0
2508,100.0
2509,20.0
2510,12.612
2511,20.0
2512,20.0
2513,60.0
2514,63.34
2515,13.196
2516,65.17
2517,13.33
2518,100.0
2519,100.0
2520,13.268
2521,12.808
2522,20.0
2523,100.0
2524,20.0
2525,60.0
2526,13.878
2527,20.0
2528,20.0
2529,100.0
2530,20.0
2531,14.226
2532,100.0
2533,13.2
2534,14.238
2535,100.0
2536,100.0
2537,40.086
2538,60.0
2539,60.0
2540,60.0
2541,60.0
2542,60.0
2543,20.0
2544,64.87
2545,20.0
2546,40.152
2547,39.888
2548,60.0
2549,13.634
2550,60.0
2551,13.632
2552,20.0
2553,20.0
2554,20.0
2555,66.75
2556,20.0
2557,13.222
2558,38.424
2559,60.0
2560,20.0
2561,41.592
2562,100.0
2563,20.0
2564,20.0
2565,20.0
2566,60.0
2567,20.0
2568,20.0
2569,41.532
2570,66.51
2571,20.0
2572,100.0
2573,20.0
2574,20.0
2575,13.07
2576,20.0
2577,70.66
2578,20.0
2579,65.49
2580,20.0
2581,20.0
2582,13.37
2583,20.0
2584,20.0
2585,20.0
2586,100.0
2587,20.0
2588,42.168
2589,100.0
2590,13.132
2591,100.0
2592,100.0
2593,60.0
2594,20.0
2595,20.0
2596,14.08
2597,100.0
2598,20.0
2599,20.0
2600,20.0
2601,20.0
2602,20.0
2603,20.0
2604,60.0
2605,36.336
2606,65.36
2607,60.0
2608,100.0
2609,20.0
2610,100.0
2611,20.0
2612,20.0
2613,100.0
2614,100.0
2615,40.806
2616,60.0
2617,38.184
2618,100.0
2619,66.7
2620,60.0
2621,67.8
2622,13.26
2623,60.0
2624,60.0
2625,100.0
2626,100.0
2627,39.288
2628,60.0
2629,60.0
2630,20.0
2631,60.0
2632,41.556
2633,20.0
2634,20.0
2635,20.0
2636,39.552
2637,60.0
2638,100.0
2639,20.0
2640,20.0
2641,20.0
2642,13.15
2643,13.778
2644,20.0
2645,20.988
2646,100.0
2647,20.0
2648,13.4
2649,38.31
2650,68.52
2651,38.382
2652,20.0
2653,39.588
2654,60.0
2655,65.36
2656,100.0
2657,20.0
2658,20.0
2659,7.092
2660,13.644
2661,40.482
2662,20.0
2663,100.0
2664,12.156
2665,39.588
2666,20.0
2667,20.0
2668,13.264
2669,60.0
2670,20.0
2671,20.0
2672,20.988
2673,20.646
2674,41.808
2675,20.0
2676,100.0
2677,60.0
2678,20.0
2679,14.174
2680,20.0
2681,60.0
2682,41.052
2683,60.0
2684,20.0
2685,20.0
2686,20.0
2687,39.792
2688,20.0
2689,100.0
2690,60.0
2691,100.0
2692,100.0
2693,40.434
2694,20.0
2695,13.686
2696,20.0
2697,68.42
2698,20.0
2699,40.644
2700,20.0
2701,20.0
2702,13.03
2703,20.0
2704,20.0
2705,13.738
2706,20.0
2707,20.0
2708,20.0
2709,20.0
2710,100.0
2711,20.0
2712,20.0
2713,100.0
2714,20.0
2715,20.0
2716,100.0
2717,20.0
2718,20.0
2719,60.0
2720,20.0
2721,20.0
2722,20.0
2723,60.0
2724,20.0
2725,12.96
2726,20.0
2727,20.0
2728,12.922
2729,20.0
2730,20.0
2731,100.0
2732,20.0
2733,69.72
2734,20.0
2735,20.0
2736,20.0
2737,60.0
2738,60.0
2739,13.104
2740,20.0
2741,100.0
2742,20.0
2743,60.0
2744,65.26
2745,20.0
2746,20.0
2747,13.39
2748,20.0
2749,20.0
2750,66.22
2751,20.0
2752,100.0
2753,20.0
2754,20.0
2755,20.0
2756,20.0
2757,20.0
2758,20.0
2759,20.0
2760,20.0
2761,20.0
2762,100.0
2763,20.0
2764,20.0
2765,20.0
2766,100.0
2767,60.0
2768,100.0
2769,20.0
2770,20.0
2771,64.21
2772,13.978
2773,20.0
2774,20.0
2775,13.052
2776,20.0
2777,20.0
2778,20.0
2779,20.0
2780,20.0
2781,20.0
2782,100.0
2783,22.524
2784,12.396
2785,20.0
2786,20.0
2787,40.398
2788,20.0
2789,20.0
2790,13.812
2791,20.0
2792,20.0
2793,20.0
2794,60.0
2795,20.0
2796,20.0
2797,20.0
2798,20.0
2799,20.0
2800,12.668
2801,20.0
2802,20.0
2803,100.0
2804,20.0
2805,20.0
2806,64.29
2807,39.456
2808,20.0
2809,60.0
2810,20.0
2811,100.0
2812,20.0
2813,13.478
2814,20.0
2815,41.502
2816,20.0
2817,20.0
2818,67.78
2819,100.0
2820,40.596
2821,20.0
2822,100.0
2823,20.0
2824,20.0
2825,20.0
2826,60.0
2827,60.0
2828,20.0
2829,71.58
2830,60.0
2831,20.0
2832,13.586
2833,37.176
2834,12.246
2835,39.978
2836,40.56
2837,20.0
2838,13.474
2839,20.0
2840,20.0
2841,12.876
2842,13.0
2843,20.0
2844,20.0
2845,13.126
2846,14.194
2847,20.0
2848,20.0
2849,20.0
2850,20.0
2851,60.0
2852,100.0
2853,20.0
2854,41.058
2855,20.0
2856,100.0
2857,20.0
2858,20.0
2859,20.0
2860,20.0
2861,65.33
2862,13.044
2863,20.0
2864,100.0
2865,20.0
2866,20.0
2867,20.0
2868,20.0
2869,100.0
2870,20.0
2871,100.0
2872,20.0
2873,100.0
2874,20.0
2875,20.0
2876,20.0
2877,41.052
2878,20.0
2879,100.0
2880,100.0
2881,20.0
2882,20.0
2883,20.0
2884,100.0
2885,60.0
2886,20.0
2887,100.0
2888,20.0
2889,20.0
2890,20.0
2891,13.578
2892,13.408
2893,60.0
2894,13.26
2895,20.0
2896,20.0
2897,40.908
2898,13.356
2899,20.0
2900,41.802
2901,60.0
2902,20.0
2903,60.0
2904,13.91
2905,20.0
2906,20.0
2907,20.0
2908,100.0
2909,20.0
2910,100.0
2911,20.0
2912,60.0
2913,20.0
2914,20.0
2915,13.196
2916,20.0
2917,42.396
2918,39.762
2919,20.0
2920,13.196
2921,100.0
2922,41.424
2923,20.0
2924,100.0
2925,20.0
2926,40.434
2927,20.0
2928,100.0
2929,20.0
2930,67.91
2931,100.0
2932,60.0
2933,40.002
2934,100.0
2935,100.0
2936,20.0
2937,20.0
2938,13.088
2939,13.204
2940,20.0
2941,100.0
2942,20.0
2943,7.526
2944,13.162
2945,100.0
2946,38.682
2947,60.0
2948,100.0
2949,20.0
2950,100.0
2951,60.0
2952,60.0
2953,100.0
2954,20.0
2955,60.0
2956,40.482
2957,20.0
2958,20.0
2959,13.61
2960,65.23
2961,20.0
2962,60.0
2963,20.0
2964,20.0
2965,100.0
2966,20.0
2967,20.0
2968,100.0
2969,20.0
2970,12.93
2971,60.0
2972,100.0
2973,67.15
2974,13.664
2975,39.798
2976,60.0
2977,20.0
2978,40.002
2979,20.0
2980,100.0
2981,13.752
2982,60.0
2983,100.0
2984,60.0
2985,20.0
2986,100.0
2987,20.0
2988,12.672
2989,60.0
2990,41.25
2991,39.03
2992,20.0
2993,60.0
2994,20.0
2995,20.0
2996,60.0
2997,40.662
2998,40.002
2999,40.422
3000,20.0
3001,100.0
3002,100.0
3003,100.0
3004,100.0
3005,100.0
3006,13.03
3007,20.0
3008,20.0
3009,37.44
3010,13.264
3011,39.378
3012,20.0
3013,100.0
3014,60.0
3015,60.0
3016,20.0
3017,38.892
3018,39.576
3019,60.0
3020,60.0
3021,60.0
3022,100.0
3023,20.0
3024,20.0
3025,41.55
3026,65.3
3027,20.0
3028,20.0
3029,38.856
3030,37.764
3031,13.644
3032,60.0
3033,60.0
3034,13.054
3035,20.0
3036,20.0
3037,66.31
3038,39.33
3039,60.0
3040,20.0
3041,13.914
3042,100.0
3043,67.42
3044,100.0
3045,100.0
3046,20.0
3047,60.0
3048,60.0
3049,100.0
3050,20.0
3051,39.984
3052,60.0
3053,60.0
3054,60.0
3055,20.0
3056,42.276
3057,20.0
3058,60.0
3059,100.0
3060,100.0
3061,100.0
3062,100.0
3063,60.0
3064,100.0
3065,100.0
3066,14.256
3067,13.08
3068,20.0
3069,20.0
3070,20.0
3071,20.0
3072,20.0
3073,20.814
3074,60.0
3075,100.0
3076,100.0
3077,20.0
3078,20.0
3079,20.0
3080,20.0
3081,38.556
3082,20.0
3083,20.0
3084,20.0
3085,100.0
3086,20.0
3087,100.0
3088,65.09
3089,20.0
3090,37.704
3091,54.96
3092,20.0
3093,20.0
3094,100.0
3095,13.048
3096,20.0
3097,20.0
3098,20.0
3099,100.0
3100,37.416
3101,20.0
3102,60.0
3103,20.0
3104,100.0
3105,60.0
3106,60.0
3107,20.0
3108,20.0
3109,60.0
3110,20.0
3111,100.0
3112,20.0
3113,100.0
3114,20.0
3115,20.0
3116,100.0
3117,60.0
3118,63.44
3119,100.0
3120,20.0
3121,20.0
3122,100.0
3123,100.0
3124,100.0
3125,20.0
3126,60.0
3127,20.0
3128,20.0
3129,40.002
3130,60.0
3131,100.0
3132,12.654
3133,70.65
3134,60.0
3135,13.192
3136,100.0
3137,100.0
3138,20.0
3139,100.0
3140,13.426
3141,37.08
3142,20.0
3143,20.0
3144,20.0
3145,100.0
3146,100.0
3147,20.0
3148,100.0
3149,61.55
3150,13.708
3151,60.0
3152,20.0
3153,13.376
3154,100.0
3155,64.3
3156,60.0
3157,39.954
3158,20.0
3159,13.03
3160,66.34
3161,60.0
3162,100.0
3163,100.0
3164,60.0
3165,100.0
3166,20.0
3167,40.644
3168,13.908
3169,60.0
3170,60.0
3171,13.192
3172,20.0
3173,60.0
3174,20.0
3175,39.042
3176,20.0
3177,100.0
3178,39.024
3179,66.4
3180,60.0
3181,20.0
3182,100.0
3183,60.0
3184,39.762
3185,67.77
3186,20.0
3187,20.0
3188,20.0
3189,20.0
3190,20.0
3191,20.0
3192,20.0
3193,100.0
3194,100.0
3195,40.152
3196,13.83
3197,13.118
3198,63.95
3199,20.0
3200,60.0
3201,20.0
3202,100.0
3203,14.042
3204,60.0
3205,60.0
3206,20.0
3207,20.0
3208,60.0
3209,100.0
3210,100.0
3211,100.0
3212,36.63
3213,39.78
3214,20.0
3215,40.914
3216,13.28
3217,20.0
3218,20.0
3219,20.0
3220,60.0
3221,100.0
3222,20.0
3223,65.96
3224,40.104
3225,38.208
3226,60.0
3227,41.844
3228,13.996
3229,38.688
3230,60.0
3231,100.0
3232,64.4
3233,20.0
3234,100.0
3235,100.0
3236,20.0
3237,67.74
3238,60.0
3239,60.0
3240,100.0
3241,40.944
3242,60.0
3243,40.824
3244,20.0
3245,66.86
3246,100.0
3247,100.0
3248,40.818
3249,20.0
3250,100.0
3251,39.846
3252,39.42
3253,100.0
3254,39.048
3255,100.0
3256,20.0
3257,39.606
3258,13.402
3259,100.0
3260,33.94
3261,43.92
3262,21.096
3263,39.462
3264,40.416
3265,100.0
3266,100.0
3267,20.0
3268,20.0
3269,60.0
3270,60.0
3271,20.0
3272,100.0
3273,20.796
3274,100.0
3275,20.0
3276,100.0
3277,13.838
3278,100.0
3279,39.108
3280,60.0
3281,100.0
3282,7.608
3283,100.0
3284,60.0
3285,20.0
3286,100.0
3287,20.0
3288,20.0
3289,12.852
3290,70.65
3291,39.906
3292,64.9
3293,20.0
3294,60.0
3295,13.164
3296,40.398
3297,13.082
3298,100.0
3299,60.0
3300,41.31
3301,60.0
3302,100.0
3303,100.0
3304,100.0
3305,68.67
3306,13.542
3307,20.0
3308,14.078
3309,20.0
3310,100.0
3311,12.748
3312,39.81
3313,20.0
3314,60.0
3315,13.696
3316,12.606
3317,100.0
3318,12.926
3319,39.27
3320,60.0
3321,100.0
3322,41.298
3323,13.358
3324,20.0
3325,60.0
3326,60.0
3327,66.32
3328,60.0
3329,66.46
3330,38.394
3331,60.0
3332,60.0
3333,60.0
3334,20.0
3335,60.0
3336,39.726
3337,20.0
3338,66.11
3339,100.0
3340,20.0
3341,100.0
3342,60.0
3343,60.0
3344,20.0
3345,64.21
3346,60.0
3347,100.0
3348,38.904
3349,20.0
3350,13.32
3351,60.0
3352,20.0
3353,60.0
3354,13.334
3355,13.388
3356,20.0
3357,70.72
3358,41.07
3359,60.0
3360,20.118
3361,68.0
3362,13.878
3363,100.0
3364,100.0
3365,60.0
3366,69.55
3367,20.0
3368,20.0
3369,20.0
3370,35.0
3371,100.0
3372,100.0
3373,20.0
3374,20.0
3375,60.0
3376,35.43
3377,60.0
3378,40.986
3379,100.0
3380,12.952
3381,20.0
3382,60.0
3383,39.78
3384,60.0
3385,20.0
3386,60.0
3387,7.39
3388,12.808
3389,40.77
3390,100.0
3391,60.0
3392,20.0
3393,20.0
3394,13.478
3395,100.0
3396,60.0
3397,20.0
3398,13.334
3399,20.0
3400,65.73
3401,13.402
3402,100.0
3403,20.0
3404,60.0
3405,13.406
3406,40.452
3407,20.0
3408,20.0
3409,20.0
3410,20.0
3411,20.0
3412,20.0
3413,20.0
3414,39.414
3415,20.0
3416,20.0
3417,13.54
3418,20.0
3419,20.0
3420,100.0
3421,39.0
3422,100.0
3423,20.0
3424,100.0
3425,13.814
3426,65.09
3427,20.0
3428,100.0
3429,100.0
3430,60.0
3431,33.56
3432,60.0
3433,39.678
3434,39.336
3435,20.0
3436,20.0
3437,100.0
3438,40.83
3439,68.5
3440,100.0
3441,20.0
3442,20.0
3443,39.084
3444,20.0
3445,20.0
3446,100.0
3447,20.0
3448,20.0
3449,100.0
3450,20.0
3451,100.0
3452,100.0
3453,20.0
3454,20.0
3455,20.0
3456,60.0
3457,20.0
3458,100.0
3459,20.0
3460,100.0
3461,39.468
3462,20.0
3463,60.0
3464,68.89
3465,13.118
3466,21.924
3467,13.34
3468,100.0
3469,20.0
3470,20.0
3471,20.0
3472,100.0
3473,12.826
3474,20.0
3475,20.0
3476,100.0
3477,67.03
3478,13.598
3479,60.0
3480,20.0
3481,13.574
3482,100.0
3483,13.386
3484,20.0
3485,13.132
3486,60.0
3487,100.0
3488,100.0
3489,69.27
3490,40.002
3491,13.478
3492,20.0
3493,20.0
3494,20.0
3495,20.0
3496,20.0
3497,66.32
3498,20.0
3499,20.0
3500,12.954
3501,20.0
3502,60.0
3503,13.606
3504,67.75
3505,20.0
3506,39.312
3507,20.0
3508,100.0
3509,20.0
3510,13.444
3511,20.0
3512,60.0
3513,12.99
3514,41.142
3515,34.74
3516,20.0
3517,100.0
3518,20.0
3519,100.0
3520,42.678
3521,20.0
3522,37.734
3523,38.352
3524,38.874
3525,18.554
3526,100.0
3527,20.0
3528,100.0
3529,69.57
3530,100.0
3531,100.0
3532,20.0
3533,20.0
3534,20.0
3535,69.0
3536,13.766
3537,20.0
3538,13.432
3539,20.844
3540,60.0
3541,13.192
3542,20.0
3543,60.0
3544,67.81
3545,60.0
3546,13.918
3547,13.192
3548,39.138
3549,20.0
3550,20.0
3551,100.0
3552,100.0
3553,13.814
3554,13.062
3555,39.546
3556,39.354
3557,60.0
3558,68.95
3559,20.0
3560,20.0
3561,20.0
3562,100.0
3563,13.808
3564,20.0
3565,20.0
3566,20.0
3567,20.0
3568,12.672
3569,20.0
3570,20.0
3571,100.0
3572,20.0
3573,39.972
3574,20.0
3575,41.718
3576,20.0
3577,20.0
3578,12.842
3579,13.846
3580,20.0
3581,100.0
3582,20.0
3583,39.078
3584,60.0
3585,20.0
3586,20.0
3587,13.264
3588,100.0
3589,100.0
3590,40.65
3591,60.0
3592,100.0
3593,100.0
3594,65.96
3595,20.0
3596,20.0
3597,60.0
3598,66.06
3599,39.714
3600,68.38
3601,20.0
3602,20.0
3603,100.0
3604,100.0
3605,20.0
3606,100.0
3607,20.844
3608,38.124
3609,20.0
3610,20.0
3611,40.71
3612,60.0
3613,12.936
3614,20.0
3615,20.0
3616,60.0
3617,20.0
3618,60.0
3619,20.0
3620,20.0
3621,20.0
3622,100.0
3623,68.34
3624,60.0
3625,20.0
3626,12.984
3627,100.0
3628,20.0
3629,20.0
3630,57.798
3631,20.0
3632,13.402
3633,20.0
3634,41.742
3635,41.34
3636,20.0
3637,20.0
3638,64.69
3639,41.214
3640,60.0
3641,20.0
3642,20.0
3643,41.634
3644,20.0
3645,13.826
3646,60.0
3647,38.94
3648,38.184
3649,37.596
3650,65.51
3651,60.0
3652,66.73
3653,20.0
3654,20.0
3655,20.0
3656,34.74
3657,68.75
3658,100.0
3659,13.14
3660,20.0
3661,100.0
3662,60.0
3663,60.0
3664,41.25
3665,20.0
3666,39.576
3667,60.0
3668,40.002
3669,60.0
3670,40.59
3671,39.738
3672,100.0
3673,100.0
3674,13.592
3675,68.48
3676,20.0
3677,40.218
3678,67.68
3679,70.67
3680,66.06
3681,100.0
3682,20.0
3683,20.0
3684,100.0
3685,63.16
3686,13.34
3687,38.634
3688,60.0
3689,60.0
3690,60.0
3691,20.0
3692,20.0
3693,100.0
3694,40.002
3695,67.8
3696,20.0
3697,67.37
3698,60.0
3699,20.0
3700,60.0
3701,65.54
3702,60.0
3703,20.0
3704,60.0
3705,60.0
3706,13.716
3707,20.0
3708,39.648
3709,60.0
3710,60.0
3711,13.514
3712,100.0
3713,38.232
3714,13.14
3715,20.0
3716,20.0
3717,13.042
3718,13.98
3719,20.0
3720,20.0
3721,41.142
3722,100.0
3723,100.0
3724,39.084
3725,20.0
3726,20.0
3727,60.0
3728,40.23
3729,60.0
3730,60.0
3731,7.046
3732,7.096
3733,60.0
3734,13.234
3735,20.0
3736,20.0
3737,20.0
3738,60.0
3739,60.0
3740,40.284
3741,60.0
3742,13.606
3743,41.676
3744,100.0
3745,60.0
3746,20.0
3747,38.136
3748,100.0
3749,60.0
3750,38.874
3751,60.0
3752,100.0
3753,60.0
3754,20.0
3755,13.502
3756,60.0
3757,37.998
3758,60.0
3759,67.14
3760,60.0
3761,7.196
3762,60.0
3763,13.908
3764,20.0
3765,100.0
3766,13.0
3767,39.696
3768,20.0
3769,60.0
3770,60.0
3771,60.0
3772,60.0
3773,41.454
3774,7.414
3775,60.0
3776,100.0
3777,39.588
3778,60.0
3779,69.73
3780,20.0
3781,40.05
3782,20.0
3783,60.0
3784,41.49
3785,60.0
3786,60.0
3787,60.0
3788,40.434
3789,38.874
3790,60.0
3791,60.0
3792,20.928
3793,40.626
3794,42.39
3795,40.464
3796,38.826
3797,20.0
3798,60.0
3799,42.948
3800,38.574
3801,40.488
3802,60.0
3803,60.0
3804,41.052
3805,37.482
3806,41.028
3807,60.0
3808,41.022
3809,64.54
3810,13.082
3811,40.254
3812,21.816
3813,60.0
3814,60.0
3815,13.122
3816,13.164
3817,41.556
3818,41.214
3819,13.006
3820,65.56
3821,38.424
3822,64.36
3823,12.91
3824,40.962
3825,60.0
3826,13.07
3827,13.774
3828,60.0
3829,40.218
3830,39.006
3831,60.0
3832,41.634
3833,66.7
3834,60.0
3835,20.0
3836,60.0
3837,40.524
3838,60.0
3839,60.0
3840,37.86
3841,34.99
3842,41.022
3843,20.0
3844,39.15
3845,39.702
3846,60.0
3847,39.276
3848,21.03
3849,20.0
3850,100.0
3851,60.0
3852,40.002
3853,60.0
3854,38.97
3855,20.0
3856,39.546
3857,60.0
3858,100.0
3859,41.442
3860,60.0
3861,60.0
3862,100.0
3863,60.0
3864,60.0
3865,14.236
3866,13.314
3867,60.0
3868,20.0
3869,39.528
3870,66.97
3871,60.0
3872,40.014
3873,13.88
3874,39.192
3875,20.0
3876,13.01
3877,6.87
3878,100.0
3879,38.82
3880,13.334
3881,40.878
3882,20.0
3883,65.98
3884,13.118
3885,100.0
3886,40.116
3887,12.812
3888,100.0
3889,66.34
3890,13.518
3891,39.378
3892,66.96
3893,60.0
3894,14.204
3895,43.164
3896,20.0
3897,60.0
3898,60.0
3899,60.0
3900,6.954
3901,39.942
3902,60.0
3903,65.83
3904,39.954
3905,66.25
3906,13.382
3907,68.08
3908,100.0
3909,60.0
3910,100.0
3911,39.84
3912,60.0
3913,100.0
3914,65.92
3915,20.0
3916,60.0
3917,100.0
3918,66.33
3919,100.0
3920,20.0
3921,34.93
3922,40.938
3923,39.144
3924,60.0
3925,20.0
3926,20.0
3927,67.01
3928,20.0
3929,60.0
3930,40.626
3931,20.0
3932,100.0
3933,60.0
3934,100.0
3935,37.746
3936,39.588
3937,20.0
3938,100.0
3939,13.918
3940,60.0
3941,60.0
3942,13.13
3943,40.872
3944,100.0
3945,67.71
3946,36.06
3947,20.0
3948,60.0
3949,20.0
3950,40.434
3951,13.474
3952,13.45
3953,41.298
3954,12.634
3955,20.0
3956,40.194
3957,20.0
3958,100.0
3959,20.0
3960,41.388
3961,100.0
3962,20.0
3963,67.74
3964,12.784
3965,100.0
3966,100.0
3967,41.016
3968,12.888
3969,100.0
3970,13.67
3971,60.0
3972,20.0
3973,20.0
3974,65.35
3975,12.916
3976,20.0
3977,60.0
3978,20.0
3979,20.0
3980,20.0
3981,100.0
3982,60.0
3983,68.31
3984,13.304
3985,100.0
3986,60.0
3987,13.576
3988,12.732
3989,20.0
3990,68.38
3991,20.0
3992,20.0
3993,20.0
3994,100.0
3995,67.0
3996,20.0
3997,100.0
3998,20.0
3999,63.68
4000,13.448
4001,13.338
4002,38.772
4003,41.556
4004,20.0
4005,20.0
4006,60.0
4007,38.652
4008,7.01
4009,20.0
4010,20.0
4011,20.0
4012,20.0
4013,12.982
4014,64.07
4015,20.0
4016,20.0
4017,20.0
4018,20.0
4019,60.0
4020,39.216
4021,60.0
4022,13.894
4023,20.0
4024,60.0
4025,12.204
4026,14.026
4027,20.0
4028,13.676
4029,13.186
4030,60.0
4031,60.0
4032,13.198
4033,67.11
4034,20.0
4035,60.0
4036,20.0
4037,60.0
4038,40.32
4039,39.546
4040,20.0
4041,13.126
4042,13.532
4043,100.0
4044,20.0
4045,21.408
4046,38.562
4047,13.35
4048,60.0
4049,20.0
4050,60.0
4051,20.0
4052,20.0
4053,64.72
4054,41.334
4055,67.78
4056,13.864
4057,20.0
4058,60.0
4059,100.0
4060,13.764
4061,100.0
4062,60.0
4063,20.0
4064,100.0
4065,60.0
4066,13.394
4067,20.0
4068,20.0
4069,100.0
4070,70.9
4071,100.0
4072,20.0
4073,60.0
4074,20.0
4075,13.72
4076,39.45
4077,39.174
4078,20.0
4079,20.0
4080,65.33
4081,60.0
4082,66.21
4083,100.0
4084,100.0
4085,20.0
4086,13.472
4087,20.0
4088,20.0
4089,20.0
4090,20.0
4091,20.0
4092,66.67
4093,20.0
4094,20.0
4095,100.0
4096,20.0
4097,20.0
4098,20.0
4099,60.0
4100,20.0
4101,20.0
4102,20.0
4103,39.636
4104,7.426
4105,20.0
4106,13.164
4107,20.0
4108,20.0
4109,65.93
4110,20.0
4111,20.0
4112,20.0
4113,20.0
4114,20.0
4115,12.766
4116,100.0
4117,39.948
4118,100.0
4119,20.0
4120,20.0
4121,20.0
4122,100.0
4123,100.0
4124,100.0
4125,20.0
4126,100.0
4127,20.0
4128,100.0
4129,20.0
4130,66.0
4131,63.66
4132,20.0
4133,20.0
4134,100.0
4135,20.0
4136,60.0
4137,20.0
4138,100.0
4139,20.0
4140,20.0
4141,66.71
4142,100.0
4143,20.0
4144,60.0
4145,12.726
4146,100.0
4147,20.0
4148,60.0
4149,20.0
4150,20.0
4151,20.0
4152,100.0
4153,20.0
4154,13.264
4155,20.0
4156,13.036
4157,37.896
4158,12.618
4159,20.0
4160,20.0
4161,60.0
4162,100.0
4163,20.0
4164,100.0
4165,100.0
4166,100.0
4167,13.684
4168,67.42
4169,60.0
4170,20.0
4171,20.0
4172,20.0
4173,20.0
4174,20.0
4175,100.0
4176,20.0
4177,20.0
4178,20.0
4179,20.0
4180,20.0
4181,60.0
4182,100.0
4183,69.42
4184,20.0
4185,12.384
4186,100.0
4187,20.0
4188,20.0
4189,20.0
4190,20.0
4191,13.404
4192,100.0
4193,100.0
4194,100.0
4195,20.0
4196,20.0
4197,20.0
4198,100.0
4199,20.0
4200,67.68
4201,100.0
4202,100.0
4203,40.374
4204,35.63
4205,68.42
4206,39.27
4207,22.266
4208,100.0
4209,67.47
4210,100.0
4211,13.342
4212,60.0
4213,100.0
4214,100.0
4215,66.91
4216,40.68
4217,20.0
4218,100.0
4219,20.0
4220,38.286
4221,100.0
4222,60.0
4223,20.0
4224,39.36
4225,20.0
4226,20.0
4227,20.0
4228,13.304
4229,20.0
4230,100.0
4231,60.0
4232,60.0
4233,20.0
4234,63.44
4235,60.0
4236,40.32
4237,100.0
4238,42.198
4239,41.532
4240,20.0
4241,20.0
4242,12.916
4243,60.0
4244,20.0
4245,20.0
4246,13.644
4247,20.0
4248,39.102
4249,60.0
4250,66.86
4251,13.182
4252,60.0
4253,38.832
4254,40.014
4255,13.644
4256,20.0
4257,64.89
4258,100.0
4259,60.0
4260,100.0
4261,39.492
4262,20.0
4263,20.0
4264,20.0
4265,20.0
4266,100.0
4267,40.752
4268,66.52
4269,41.052
4270,39.486
4271,41.022
4272,64.69
4273,20.0
4274,20.0
4275,40.02
4276,100.0
4277,60.0
4278,60.0
4279,60.0
4280,39.822
4281,60.0
4282,20.0
4283,60.0
4284,71.28
4285,69.31
4286,60.0
4287,60.0
4288,100.0
4289,100.0
4290,100.0
4291,100.0
4292,63.94
4293,60.0
4294,39.156
4295,60.0
4296,60.0
4297,60.0
4298,60.0
4299,13.48
4300,20.0
4301,20.0
4302,67.42
4303,20.0
4304,20.0
4305,20.178
4306,20.0
4307,13.24
4308,100.0
4309,100.0
4310,72.63
4311,12.504
4312,100.0
4313,60.0
4314,60.0
4315,100.0
4316,13.708
4317,60.0
4318,20.0
4319,38.298
4320,20.814
4321,39.672
4322,20.0
4323,65.51
4324,20.0
4325,60.0
4326,20.0
4327,7.074
4328,60.0
4329,13.304
4330,60.0
4331,60.0
4332,60.0
4333,20.0
4334,100.0
4335,100.0
4336,60.0
4337,40.8
4338,20.0
4339,20.0
4340,68.46
4341,100.0
4342,20.0
4343,20.0
4344,20.0
4345,65.44
4346,66.69
4347,60.0
4348,20.0
4349,13.186
4350,20.0
4351,41.244
4352,100.0
4353,60.0
4354,39.6
4355,60.0
4356,38.952
4357,20.0
4358,42.528
4359,20.0
4360,20.0
4361,20.0
4362,20.0
4363,13.218
4364,20.0
4365,39.378
4366,60.0
4367,60.0
4368,71.53
4369,100.0
4370,38.742
4371,20.0
4372,100.0
4373,37.992
4374,67.74
4375,100.0
4376,65.26
4377,38.466
4378,20.0
4379,20.964
4380,20.0
4381,20.0
4382,100.0
4383,66.67
4384,40.23
4385,66.39
4386,37.77
4387,100.0
4388,39.042
4389,100.0
4390,42.24
4391,60.0
4392,100.0
4393,60.0
4394,38.454
4395,60.0
4396,100.0
4397,40.608
4398,69.59
4399,100.0
4400,13.17
4401,40.2
4402,100.0
4403,20.0
4404,67.01
4405,60.0
4406,20.0
4407,20.0
4408,60.0
4409,60.0
4410,100.0
4411,20.0
4412,60.0
4413,60.0
4414,60.0
4415,68.38
4416,66.67
4417,20.0
4418,40.254
4419,100.0
4420,20.0
4421,65.66
4422,40.836
4423,20.0
4424,100.0
4425,100.0
4426,14.18
4427,67.01
4428,60.0
4429,100.0
4430,100.0
4431,18.556
4432,100.0
4433,40.212
4434,20.0
4435,70.53
4436,39.0
4437,100.0
4438,100.0
4439,60.0
4440,20.0
4441,66.67
4442,20.0
4443,60.0
4444,13.412
4445,20.0
4446,20.0
4447,20.0
4448,20.0
4449,100.0
4450,60.0
4451,20.0
4452,20.0
4453,20.0
4454,60.0
4455,13.216
4456,20.0
4457,100.0
4458,40.716
4459,20.0
4460,20.0
4461,60.0
4462,60.0
4463,60.0
4464,60.0
4465,38.322
4466,60.0
4467,60.0
4468,60.0
4469,20.0
4470,20.0
4471,60.0
4472,100.0
4473,39.528
4474,38.184
4475,60.0
4476,20.0
4477,14.13
4478,60.0
4479,20.0
4480,20.0
4481,20.0
4482,20.0
4483,20.0
4484,65.56
4485,41.424
4486,60.0
4487,60.0
4488,60.0
4489,100.0
4490,14.046
4491,20.0
4492,40.182
4493,20.0
4494,20.0
4495,15.446
4496,60.0
4497,20.0
4498,20.0
4499,68.43
4500,20.0
4501,60.0
4502,60.0
4503,70.36
4504,60.0
4505,100.0
4506,100.0
4507,39.528
4508,20.0
4509,13.234
4510,68.3
4511,20.0
4512,60.0
4513,41.334
4514,20.0
4515,20.0
4516,41.124
4517,100.0
4518,60.0
4519,60.0
4520,100.0
4521,100.0
4522,13.102
4523,100.0
4524,60.0
4525,20.0
4526,70.77
4527,66.67
4528,39.612
4529,100.0
4530,60.0
4531,38.97
4532,20.0
4533,60.0
4534,100.0
4535,20.0
4536,20.0
4537,100.0
4538,60.0
4539,60.0
4540,12.396
4541,35.63
4542,60.0
4543,60.0
4544,39.792
4545,20.0
4546,100.0
4547,20.0
4548,60.0
4549,100.0
4550,60.0
4551,20.0
4552,67.62
4553,67.37
4554,100.0
4555,20.0
4556,20.0
4557,60.0
4558,20.0
4559,13.484
4560,20.0
4561,68.9
4562,39.954
4563,100.0
4564,20.0
4565,20.0
4566,20.0
4567,13.24
4568,20.0
4569,100.0
4570,100.0
4571,38.538
4572,67.54
4573,13.662
4574,100.0
4575,20.0
4576,100.0
4577,65.96
4578,43.476
4579,69.89
4580,13.932
4581,12.942
4582,40.644
4583,20.0
4584,13.438
4585,13.026
4586,41.538
4587,12.402
4588,100.0
4589,100.0
4590,13.902
4591,20.0
4592,20.0
4593,20.0
4594,100.0
4595,20.0
4596,20.0
4597,20.0
4598,14.224
4599,70.07
4600,100.0
4601,20.0
4602,20.0
4603,100.0
4604,40.434
4605,20.0
4606,60.0
4607,20.0
4608,100.0
4609,40.188
4610,13.53
4611,20.0
4612,60.0
4613,67.01
4614,65.39
4615,7.146
4616,64.65
4617,42.612
4618,39.798
4619,100.0
4620,40.824
4621,41.772
4622,20.0
4623,100.0
4624,20.0
4625,20.0
4626,13.158
4627,13.044
4628,100.0
4629,20.0
4630,100.0
4631,20.0
4632,20.0
4633,40.452
4634,65.33
4635,40.758
4636,39.78
4637,13.478
4638,13.564
4639,20.0
4640,60.0
4641,12.678
4642,20.0
4643,70.77
4644,41.046
4645,20.0
4646,66.34
4647,40.206
4648,40.002
4649,37.902
4650,60.0
4651,12.838
4652,60.0
4653,100.0
4654,13.196
4655,13.044
4656,60.0
4657,20.0
4658,20.0
4659,13.282
4660,60.0
4661,13.196
4662,20.0
4663,20.0
4664,20.0
4665,12.69
4666,60.0
4667,20.0
4668,20.0
4669,100.0
4670,20.0
4671,60.0
4672,40.854
4673,20.0
4674,20.0
4675,20.0
4676,100.0
4677,60.0
4678,21.552
4679,60.0
4680,21.648
4681,20.0
4682,13.56
4683,61.96
4684,20.0
4685,20.0
4686,41.19
4687,20.0
4688,60.0
4689,35.16
4690,20.0
4691,60.0
4692,20.0
4693,100.0
4694,100.0
4695,60.0
4696,60.0
4697,100.0
4698,100.0
4699,60.0
4700,13.42
4701,60.0
4702,60.0
4703,40.734
4704,60.0
4705,60.0
4706,20.0
4707,39.6
4708,67.01
4709,60.0
4710,100.0
4711,60.0
4712,13.118
4713,100.0
4714,21.012
4715,40.002
4716,60.0
4717,60.0
4718,40.674
4719,39.744
4720,20.0
4721,20.0
4722,43.338
4723,38.376
4724,60.0
4725,14.358
4726,60.0
4727,60.0
4728,100.0
4729,40.716
4730,20.0
4731,20.0
4732,20.0
4733,40.926
4734,20.0
4735,100.0
4736,100.0
4737,100.0
4738,100.0
4739,100.0
4740,60.0
4741,67.28
4742,13.494
4743,20.0
4744,20.0
4745,40.254
4746,65.84
4747,67.3
4748,20.0
4749,20.0
4750,100.0
4751,100.0
4752,20.0
4753,20.0
4754,40.11
4755,100.0
4756,40.422
4757,71.39
4758,66.67
4759,100.0
4760,42.168
4761,100.0
4762,100.0
4763,20.0
4764,12.688
4765,12.782
4766,60.0
4767,13.606
4768,20.0
4769,100.0
4770,100.0
4771,20.0
4772,20.0
4773,100.0
4774,100.0
4775,100.0
4776,20.0
4777,100.0
4778,60.0
4779,60.0
4780,20.0
4781,20.0
4782,20.0
4783,100.0
4784,20.0
4785,38.814
4786,40.002
4787,13.838
4788,100.0
4789,65.07
4790,13.256
4791,40.218
4792,60.0
4793,60.0
4794,41.232
4795,60.0
4796,60.0
4797,67.64
4798,20.0
4799,20.0
4800,20.0
4801,20.0
4802,13.978
4803,20.0
4804,39.342
4805,100.0
4806,100.0
4807,100.0
4808,41.118
4809,66.35
4810,40.284
4811,12.308
4812,20.0
4813,38.526
4814,63.04
4815,20.0
4816,64.11
4817,41.55
4818,20.0
4819,20.0
4820,69.89
4821,100.0
4822,40.014
4823,100.0
4824,20.0
4825,13.4
4826,60.0
4827,20.0
4828,12.726
4829,20.0
4830,12.98
4831,20.0
4832,60.0
4833,68.32
4834,60.0
4835,65.44
4836,66.47
4837,20.0
4838,65.56
4839,38.706
4840,60.0
4841,100.0
4842,100.0
4843,68.04
4844,20.0
4845,12.682
4846,12.982
4847,20.0
4848,65.91
4849,20.0
4850,20.0
4851,60.0
4852,100.0
4853,20.0
4854,39.672
4855,60.0
4856,20.0
4857,60.0
4858,100.0
4859,40.638
4860,20.0
4861,41.022
4862,22.914
4863,66.25
4864,39.378
4865,100.0
4866,20.0
4867,40.83
4868,39.984
4869,60.0
4870,40.146
4871,40.398
4872,39.87
4873,66.67
4874,60.0
4875,20.0
4876,20.0
4877,60.0
4878,60.0
4879,39.504
4880,60.0
4881,66.4
4882,60.0
4883,38.262
4884,40.776
4885,100.0
4886,39.018
4887,64.85
4888,60.0
4889,100.0
4890,65.91
4891,13.556
4892,20.0
4893,20.0
4894,40.002
4895,20.0
4896,100.0
4897,40.026
4898,39.612
4899,20.0
4900,20.0
4901,20.0
4902,100.0
4903,20.0
4904,60.0
4905,39.276
4906,100.0
4907,100.0
4908,40.986
4909,100.0
4910,67.14
4911,60.0
4912,20.0
4913,60.0
4914,100.0
4915,14.022
4916,100.0
4917,100.0
4918,20.0
4919,20.0
4920,100.0
4921,20.0
4922,41.1
4923,22.116
4924,60.0
4925,13.126
4926,21.804
4927,20.0
4928,64.4
4929,37.98
4930,41.37
4931,39.6
4932,60.0
4933,100.0
4934,40.2
4935,20.0
4936,64.29
4937,60.0
4938,60.0
4939,20.0
4940,60.0
4941,60.0
4942,20.0
4943,39.99
4944,20.0
4945,20.0
4946,66.52
4947,60.0
4948,13.044
4949,67.78
4950,40.14
4951,60.0
4952,39.558
4953,100.0
4954,41.436
4955,39.66
4956,20.0
4957,20.0
4958,100.0
4959,38.124
4960,13.046
4961,12.896
4962,60.0
4963,20.0
4964,20.0
4965,13.75
4966,12.72
4967,60.0
4968,60.0
4969,20.0
4970,60.0
4971,66.67
4972,60.0
4973,20.0
4974,20.0
4975,20.0
4976,70.39
4977,20.0
4978,20.0
4979,100.0
4980,20.0
4981,20.0
4982,37.82
4983,20.0
4984,13.684
4985,20.0
4986,13.38
4987,20.0
4988,20.0
4989,20.0
4990,20.0
4991,20.0
4992,20.0
4993,20.0
4994,13.074
4995,20.0
4996,60.0
4997,60.0
4998,20.0
4999,100.0
5000,14.174
5001,20.0
5002,20.0
5003,20.0
5004,13.542
5005,20.0
5006,20.0
5007,20.0
5008,20.0
5009,20.0
5010,14.218
5011,12.938
5012,20.0
5013,66.06
5014,100.0
5015,66.47
5016,20.0
5017,20.0
5018,20.0
5019,20.0
5020,20.0
5021,20.0
5022,20.0
5023,20.0
5024,20.0
5025,13.128
5026,13.102
5027,20.0
5028,20.0
5029,20.0
5030,13.338
5031,13.548
5032,20.0
5033,20.0
5034,13.196
5035,20.0
5036,20.0
5037,67.27
5038,23.232
5039,20.0
5040,20.0
5041,20.0
5042,20.0
5043,20.0
5044,20.0
5045,20.0
5046,37.09
5047,20.0
5048,20.0
5049,60.0
5050,20.0
5051,20.0
5052,20.0
5053,20.0
5054,41.196
5055,40.434
5056,20.0
5057,20.0
5058,12.614
5059,20.0
5060,20.0
5061,20.0
5062,20.0
5063,20.0
5064,20.0
5065,13.424
5066,13.524
5067,20.0
5068,42.498
5069,20.0
5070,20.0
5071,20.0
5072,60.0
5073,13.402
5074,13.684
5075,38.676
5076,20.0
5077,20.0
5078,60.0
5079,20.0
5080,20.0
5081,20.0
5082,20.0
5083,100.0
5084,39.954
5085,60.0
5086,60.0
5087,60.0
5088,20.0
5089,20.0
5090,100.0
5091,39.822
5092,20.0
5093,20.0
5094,20.0
5095,20.0
5096,100.0
5097,20.0
5098,20.0
5099,20.0
5100,60.0
5101,13.264
5102,20.0
5103,20.0
5104,100.0
5105,20.0
5106,20.0
5107,20.0
5108,20.0
5109,40.728
5110,63.54
5111,14.042
5112,60.0
5113,20.0
5114,20.0
5115,20.0
5116,20.0
5117,20.0
5118,12.872
5119,20.0
5120,20.0
5121,20.0
5122,60.0
5123,20.0
5124,39.492
5125,20.0
5126,20.0
5127,20.0
5128,20.0
5129,20.0
5130,20.0
5131,20.0
5132,13.23
5133,20.0
5134,13.334
5135,20.0
5136,20.0
5137,20.0
5138,13.226
5139,13.338
5140,20.0
5141,13.518
5142,20.0
5143,13.932
5144,100.0
5145,20.0
5146,65.13
5147,13.15
5148,20.0
5149,60.0
5150,20.0
5151,20.0
5152,60.0
5153,39.558
5154,60.0
5155,13.75
5156,100.0
5157,20.0
5158,12.854
5159,19.34
5160,39.378
5161,20.0
5162,20.0
5163,20.0
5164,70.59
5165,41.028
5166,68.82
5167,63.92
5168,20.0
5169,20.0
5170,39.576
5171,20.0
5172,13.478
5173,100.0
5174,20.0
5175,20.0
5176,40.176
5177,20.0
5178,20.0
5179,20.0
5180,20.0
5181,20.0
5182,20.0
5183,20.0
5184,20.0
5185,17.126
5186,20.0
5187,20.0
5188,20.0
5189,20.0
5190,20.0
5191,100.0
5192,39.774
5193,20.0
5194,60.0
5195,20.0
5196,13.046
5197,100.0
5198,20.0
5199,100.0
5200,12.904
5201,20.0
5202,38.526
5203,12.916
5204,38.748
5205,13.426
5206,20.0
5207,100.0
5208,39.93
5209,20.0
5210,20.0
5211,13.398
5212,20.0
5213,20.0
5214,20.0
5215,20.0
5216,14.018
5217,100.0
5218,20.0
5219,41.274
5220,20.0
5221,20.0
5222,20.0
5223,20.0
5224,13.394
5225,20.0
5226,20.0
5227,20.0
5228,20.0
5229,20.0
5230,20.0
5231,20.0
5232,13.586
5233,20.0
5234,20.0
5235,20.0
5236,20.0
5237,20.0
5238,13.176
5239,20.0
5240,20.0
5241,20.0
5242,20.0
5243,41.7
5244,68.49
5245,20.0
5246,20.0
5247,20.0
5248,20.0
5249,100.0
5250,20.0
5251,20.0
5252,20.0
5253,20.0
5254,7.364
5255,20.0
5256,20.0
5257,20.0
5258,20.0
5259,20.0
5260,20.0
5261,20.0
5262,20.0
5263,20.0
5264,60.0
5265,20.0
5266,20.0
5267,20.0
5268,20.0
5269,20.0
5270,13.664
5271,20.0
5272,20.0
5273,20.0
5274,20.0
5275,20.0
5276,20.0
5277,20.0
5278,13.474
5279,20.0
5280,20.0
5281,20.0
5282,20.0
5283,20.0
5284,60.0
5285,20.0
5286,20.0
5287,20.0
5288,20.0
5289,20.0
5290,100.0
5291,20.0
5292,14.094
5293,20.0
5294,41.856
5295,12.888
5296,39.774
5297,100.0
5298,20.0
5299,100.0
5300,20.0
5301,20.0
5302,60.0
5303,13.132
5304,20.0
5305,20.0
5306,13.738
5307,20.0
5308,20.0
5309,20.0
5310,20.0
5311,38.742
5312,20.0
5313,20.0
5314,20.0
5315,20.0
5316,20.0
5317,20.0
5318,21.252
5319,20.0
5320,41.46
5321,13.228
5322,20.0
5323,20.0
5324,42.768
5325,14.18
5326,13.47
5327,20.0
5328,20.0
5329,14.014
5330,20.0
5331,20.0
5332,20.0
5333,13.442
5334,20.0
5335,100.0
5336,20.0
5337,13.126
5338,20.0
5339,60.0
5340,20.0
5341,20.0
5342,20.0
5343,60.0
5344,20.0
5345,20.0
5346,20.0
5347,13.834
5348,100.0
5349,20.0
5350,20.0
5351,20.0
5352,20.0
5353,20.0
5354,40.452
5355,20.0
5356,13.474
5357,20.0
5358,60.0
5359,20.0
5360,39.0
5361,20.0
5362,20.0
5363,20.0
5364,38.244
5365,20.0
5366,20.0
5367,20.0
5368,20.0
5369,20.0
5370,20.0
5371,20.0
5372,20.0
5373,13.118
5374,20.0
5375,100.0
5376,20.0
5377,13.022
5378,20.0
5379,60.0
5380,20.0
5381,60.0
5382,13.478
5383,20.0
5384,20.0
5385,20.0
5386,40.194
5387,20.0
5388,20.0
5389,20.0
5390,20.0
5391,60.0
5392,13.636
5393,20.0
5394,20.0
5395,20.0
5396,13.684
5397,20.0
5398,20.0
5399,20.0
5400,20.0
5401,20.0
5402,100.0
5403,20.0
5404,39.558
5405,20.0
5406,20.0
5407,20.0
5408,20.0
5409,20.0
5410,100.0
5411,20.0
5412,20.0
5413,13.734
5414,20.0
5415,13.71
5416,20.0
5417,20.0
5418,38.544
5419,20.0
5420,20.0
5421,20.0
5422,60.0
5423,20.0
5424,40.47
5425,20.0
5426,20.0
5427,20.0
5428,20.0
5429,20.0
5430,13.142
5431,13.674
5432,20.0
5433,20.0
5434,20.0
5435,20.0
5436,20.0
5437,20.0
5438,20.0
5439,20.0
5440,20.0
5441,20.0
5442,6.86
5443,20.0
5444,20.0
5445,100.0
5446,20.0
5447,20.0
5448,13.35
5449,20.0
5450,7.1
5451,20.0
5452,20.0
5453,20.0
5454,20.0
5455,20.0
5456,100.0
5457,60.0
5458,20.0
5459,20.0
5460,40.044
5461,20.0
5462,20.0
5463,20.0
5464,20.0
5465,20.0
5466,13.092
5467,20.0
5468,60.0
5469,20.0
5470,20.0
5471,20.0
5472,20.0
5473,20.0
5474,20.0
5475,20.0
5476,20.0
5477,20.0
5478,100.0
5479,20.0
5480,39.354
5481,13.834
5482,40.41
5483,100.0
5484,20.0
5485,60.0
5486,20.0
5487,20.0
5488,38.988
5489,13.68
5490,20.0
5491,13.846
5492,13.338
5493,20.0
5494,20.0
5495,13.442
5496,20.0
5497,20.0
5498,20.0
5499,66.55
5500,20.0
5501,13.448
5502,12.99
5503,20.0
5504,60.0
5505,13.724
5506,20.0
5507,20.0
5508,20.0
5509,20.0
5510,13.618
5511,20.0
5512,20.0
5513,20.0
5514,20.0
5515,20.0
5516,60.0
5517,20.0
5518,20.0
5519,13.208
5520,20.0
5521,20.0
5522,20.0
5523,20.0
5524,20.0
5525,100.0
5526,20.0
5527,20.0
5528,20.0
5529,13.304
5530,20.0
5531,13.156
5532,20.0
5533,20.0
5534,20.0
5535,20.0
5536,20.0
5537,20.0
5538,20.0
5539,20.0
5540,20.0
5541,20.0
5542,20.0
5543,20.0
5544,20.0
5545,20.0
5546,13.118
5547,20.0
5548,60.0
5549,20.0
5550,20.0
5551,20.0
5552,20.0
5553,40.854
5554,20.0
5555,20.0
5556,100.0
5557,14.13
5558,20.0
5559,20.0
5560,20.0
5561,41.742
5562,20.0
5563,20.0
5564,20.0
5565,20.0
5566,20.0
5567,20.0
5568,20.0
5569,20.0
5570,20.0
5571,20.0
5572,20.0
5573,20.0
5574,60.0
5575,20.0
5576,20.0
5577,100.0
5578,20.0
5579,20.0
5580,60.0
5581,20.0
5582,20.0
5583,13.77
5584,20.0
5585,40.062
5586,20.0
5587,20.0
5588,20.0
5589,20.0
5590,20.0
5591,12.662
5592,20.0
5593,20.0
5594,20.0
5595,20.0
5596,20.0
5597,13.192
5598,20.0
5599,20.0
5600,20.0
5601,20.0
5602,20.0
5603,40.128
5604,20.0
5605,20.0
5606,67.01
5607,20.0
5608,20.0
5609,20.0
5610,35.02
5611,20.0
5612,20.0
5613,20.0
5614,69.25
5615,20.0
5616,20.0
5617,20.0
5618,60.0
5619,40.614
5620,20.0
5621,20.0
5622,60.0
5623,13.138
5624,70.33
5625,20.0
5626,13.818
5627,20.0
5628,20.0
5629,20.0
5630,20.0
5631,20.0
5632,60.0
5633,20.0
5634,60.0
5635,65.29
5636,20.0
5637,70.65
5638,20.0
5639,100.0
5640,21.786
5641,100.0
5642,20.0
5643,20.0
5644,12.358
5645,20.0
5646,20.0
5647,20.0
5648,100.0
5649,20.0
5650,43.11
5651,65.31
5652,60.0
5653,20.0
5654,14.236
5655,41.682
5656,20.0
5657,20.0
5658,20.0
5659,13.698
5660,20.0
5661,20.0
5662,20.0
5663,20.0
5664,20.0
5665,20.0
5666,100.0
5667,20.0
5668,20.0
5669,100.0
5670,13.334
5671,13.052
5672,20.0
5673,20.0
5674,20.0
5675,20.0
5676,20.0
5677,20.0
5678,63.33
5679,20.0
5680,20.0
5681,100.0
5682,20.0
5683,13.92
5684,20.0
5685,13.838
5686,20.0
5687,20.0
5688,20.0
5689,20.0
5690,20.0
5691,20.0
5692,20.0
5693,20.0
5694,20.0
5695,13.548
5696,20.0
5697,38.448
5698,20.0
5699,60.0
5700,68.88
5701,20.0
5702,20.0
5703,20.0
5704,39.942
5705,20.0
5706,13.528
5707,20.0
5708,20.0
5709,20.0
5710,20.0
5711,20.0
5712,20.0
5713,20.0
5714,20.0
5715,20.0
5716,20.0
5717,20.0
5718,13.192
5719,20.0
5720,20.0
5721,20.0
5722,20.0
5723,20.0
5724,20.0
5725,20.0
5726,20.0
5727,20.0
5728,20.0
5729,20.0
5730,20.0
5731,20.0
5732,100.0
5733,13.6
5734,60.0
5735,20.0
5736,20.0
5737,20.0
5738,100.0
5739,20.0
5740,20.0
5741,20.0
5742,20.0
5743,13.612
5744,20.0
5745,20.0
5746,13.892
5747,21.984
5748,13.466
5749,35.17
5750,20.0
5751,20.0
5752,20.0
5753,60.0
5754,20.0
5755,20.0
5756,20.0
5757,20.0
5758,20.0
5759,20.0
5760,100.0
5761,20.0
5762,60.0
5763,20.0
5764,13.264
5765,20.0
5766,20.0
5767,13.34
5768,20.0
5769,13.47
5770,60.0
5771,20.0
5772,100.0
5773,20.0
5774,20.0
5775,20.0
5776,20.0
5777,20.0
5778,13.75
5779,12.618
5780,20.0
5781,20.0
5782,20.0
5783,13.43
5784,13.556
5785,13.28
5786,20.0
5787,20.0
5788,20.0
5789,12.992
5790,13.044
5791,20.0
5792,20.0
5793,20.0
5794,39.6
5795,60.0
5796,20.0
5797,100.0
5798,20.0
5799,20.0
5800,100.0
5801,60.0
5802,60.0
5803,60.0
5804,60.0
5805,100.0
5806,12.902
5807,13.51
5808,100.0
5809,40.8
5810,100.0
5811,40.158
5812,20.0
5813,20.0
5814,20.0
5815,20.0
5816,20.0
5817,20.0
5818,41.322
5819,20.0
5820,21.696
5821,60.0
5822,13.76
5823,20.0
5824,100.0
5825,20.0
5826,100.0
5827,20.0
5828,100.0
5829,38.88
5830,20.0
5831,100.0
5832,39.264
5833,20.0
5834,20.0
5835,20.0
5836,60.0
5837,38.49
5838,20.0
5839,20.0
5840,20.0
5841,20.0
5842,40.434
5843,20.0
5844,20.0
5845,20.0
5846,20.0
5847,20.0
5848,20.0
5849,20.0
5850,12.464
5851,20.0
5852,20.0
5853,20.0
5854,20.0
5855,20.0
5856,20.0
5857,20.0
5858,20.0
5859,20.0
5860,100.0
5861,20.0
5862,20.0
5863,20.0
5864,20.0
5865,20.0
5866,20.0
5867,39.486
5868,20.0
5869,20.0
5870,100.0
5871,20.0
5872,20.0
5873,20.0
5874,20.0
5875,13.108
5876,20.0
5877,20.0
5878,20.0
5879,13.864
5880,20.0
5881,20.0
5882,60.0
5883,20.0
5884,60.0
5885,20.0
5886,100.0
5887,20.0
5888,20.0
5889,42.144
5890,69.87
5891,20.0
5892,20.0
5893,20.0
5894,20.0
5895,20.0
5896,20.0
5897,40.572
5898,100.0
5899,20.0
5900,20.0
5901,20.0
5902,20.0
5903,20.0
5904,20.0
5905,20.0
5906,20.0
5907,20.0
5908,20.0
5909,20.0
5910,20.0
5911,100.0
5912,13.734
5913,100.0
5914,100.0
5915,20.0
5916,20.0
5917,13.186
5918,64.36
5919,20.0
5920,20.0
5921,20.0
5922,100.0
5923,13.264
5924,20.0
5925,20.0
5926,20.0
5927,20.0
5928,60.0
5929,20.706
5930,12.748
5931,20.0
5932,20.0
5933,100.0
5934,60.0
5935,20.0
5936,60.0
5937,20.0
5938,40.626
5939,66.9
5940,60.0
5941,39.78
5942,20.0
5943,20.0
5944,20.0
5945,20.0
5946,20.0
5947,60.0
5948,20.0
5949,63.86
5950,20.0
5951,13.726
5952,20.0
5953,20.0
5954,13.2
5955,13.212
5956,20.0
5957,60.0
5958,20.0
5959,20.0
5960,20.0
5961,60.0
5962,37.33
5963,20.0
5964,13.608
5965,40.92
5966,100.0
5967,20.0
5968,40.032
5969,20.0
5970,13.77
5971,20.0
5972,20.0
5973,20.0
5974,20.0
5975,20.0
5976,13.334
5977,20.0
5978,20.0
5979,60.0
5980,20.0
5981,20.0
5982,20.0
5983,20.0
5984,60.0
5985,60.0
5986,20.0
5987,40.614
5988,20.0
5989,20.0
5990,38.478
5991,20.0
5992,20.0
5993,20.0
5994,20.0
5995,40.848
5996,20.0
5997,20.0
5998,100.0
5999,60.0
6000,67.42
6001,20.0
6002,20.0
6003,41.118
6004,20.0
6005,13.016
6006,13.708
6007,20.0
6008,20.0
6009,20.0
6010,20.0
6011,60.0
6012,60.0
6013,20.0
6014,20.0
6015,13.556
6016,13.262
6017,20.0
6018,20.0
6019,20.0
6020,13.398
6021,20.0
6022,68.02
6023,20.0
6024,64.72
6025,100.0
6026,38.526
6027,20.0
6028,60.0
6029,20.0
6030,20.0
6031,39.258
6032,20.0
6033,20.0
6034,60.0
6035,60.0
6036,20.0
6037,20.0
6038,100.0
6039,20.0
6040,20.0
6041,100.0
6042,20.0
6043,20.0
6044,68.91
6045,20.0
6046,60.0
6047,100.0
6048,20.0
6049,20.0
6050,20.0
6051,40.074
6052,20.0
6053,20.0
6054,20.0
6055,13.176
6056,20.0
6057,39.594
6058,20.0
6059,20.0
6060,20.0
6061,20.0
6062,13.338
6063,20.0
6064,20.0
6065,20.0
6066,20.0
6067,100.0
6068,20.0
6069,70.49
6070,6.8
6071,20.0
6072,20.0
6073,38.994
6074,20.0
6075,20.0
6076,34.19
6077,39.858
6078,100.0
6079,12.688
6080,64.95
6081,67.05
6082,20.0
6083,100.0
6084,100.0
6085,60.0
6086,20.0
6087,100.0
6088,20.0
6089,20.0
6090,20.0
6091,20.0
6092,20.0
6093,12.964
6094,20.0
6095,20.0
6096,20.0
6097,20.0
6098,65.56
6099,100.0
6100,20.0
6101,20.0
6102,39.096
6103,13.022
6104,13.152
6105,100.0
6106,13.354
6107,20.0
6108,20.0
6109,20.0
6110,12.68
6111,20.0
6112,20.0
6113,100.0
6114,100.0
6115,20.0
6116,20.0
6117,20.0
6118,20.0
6119,20.0
6120,13.304
6121,20.0
6122,20.0
6123,13.638
6124,20.0
6125,65.54
6126,60.0
6127,20.0
6128,100.0
6129,20.0
6130,20.0
6131,100.0
6132,20.0
6133,20.0
6134,20.0
6135,13.094
6136,20.0
6137,39.042
6138,20.0
6139,38.106
6140,20.0
6141,20.0
6142,20.0
6143,20.0
6144,13.486
6145,39.306
6146,41.538
6147,20.0
6148,40.572
6149,20.0
6150,100.0
6151,100.0
6152,100.0
6153,20.0
6154,20.0
6155,20.0
6156,20.0
6157,20.0
6158,14.246
6159,20.0
6160,20.0
6161,13.354
6162,20.0
6163,20.0
6164,20.0
6165,13.344
6166,20.0
6167,13.104
6168,20.0
6169,20.0
6170,20.0
6171,20.0
6172,20.0
6173,100.0
6174,20.0
6175,100.0
6176,20.0
6177,100.0
6178,100.0
6179,20.0
6180,20.0
6181,100.0
6182,14.144
6183,20.0
6184,20.0
6185,20.0
6186,100.0
6187,20.0
6188,20.0
6189,20.0
6190,100.0
6191,13.22
6192,20.0
6193,13.322
6194,13.73
6195,20.0
6196,20.0
6197,20.0
6198,20.0
6199,12.842
6200,20.0
6201,60.0
6202,20.0
6203,20.0
6204,60.0
6205,20.0
6206,20.0
6207,20.0
6208,20.0
6209,20.0
6210,20.0
6211,20.0
6212,20.0
6213,65.84
6214,20.0
6215,68.54
6216,40.818
6217,13.254
6218,20.0
6219,20.0
6220,67.42
6221,12.712
6222,20.0
6223,66.0
6224,20.0
6225,20.0
6226,20.0
6227,20.0
6228,20.0
6229,20.0
6230,20.0
6231,20.0
6232,20.0
6233,20.0
6234,60.0
6235,60.0
6236,13.55
6237,100.0
6238,20.0
6239,20.0
6240,100.0
6241,20.0
6242,20.0
6243,100.0
6244,100.0
6245,20.0
6246,20.0
6247,20.0
6248,100.0
6249,20.0
6250,60.0
6251,20.0
6252,100.0
6253,20.0
6254,20.0
6255,20.0
6256,13.288
6257,69.13
6258,20.0
6259,20.0
6260,20.0
6261,20.0
6262,12.898
6263,20.0
6264,20.0
6265,20.0
6266,20.0
6267,13.334
6268,20.0
6269,38.754
6270,100.0
6271,20.0
6272,41.436
6273,20.0
6274,20.0
6275,20.0
6276,20.0
6277,40.47
6278,41.07
6279,12.916
6280,100.0
6281,20.0
6282,100.0
6283,20.0
6284,20.0
6285,13.91
6286,20.0
6287,100.0
6288,100.0
6289,20.0
6290,20.0
6291,60.0
6292,20.0
6293,67.27
6294,20.0
6295,20.0
6296,20.0
6297,20.0
6298,20.0
6299,60.0
6300,67.9
6301,20.0
6302,60.0
6303,60.0
6304,20.0
6305,20.0
6306,20.0
6307,20.0
6308,20.0
6309,20.0
6310,20.0
6311,67.18
6312,20.0
6313,20.0
6314,20.0
6315,20.0
6316,20.0
6317,20.0
6318,13.03
6319,20.0
6320,20.0
6321,20.0
6322,20.0
6323,38.274
6324,20.0
6325,20.0
6326,66.64
6327,20.0
6328,38.298
6329,20.0
6330,20.0
6331,20.0
6332,13.432
6333,20.0
6334,20.0
6335,20.0
6336,20.0
6337,13.094
6338,66.04
6339,20.0
6340,40.452
6341,12.898
6342,40.602
6343,20.0
6344,100.0
6345,20.0
6346,20.0
6347,60.0
6348,70.47
6349,20.0
6350,60.0
6351,13.406
6352,20.0
6353,39.264
6354,41.466
6355,66.66
6356,100.0
6357,20.0
6358,20.0
6359,20.0
6360,70.12
6361,20.0
6362,100.0
6363,20.0
6364,13.014
6365,65.29
6366,20.0
6367,60.0
6368,60.0
6369,100.0
6370,67.52
6371,100.0
6372,13.612
6373,20.0
6374,20.0
6375,20.0
6376,20.0
6377,20.0
6378,100.0
6379,39.018
6380,39.558
6381,20.0
6382,20.0
6383,20.0
6384,20.0
6385,60.0
6386,20.0
6387,60.0
6388,20.0
6389,13.424
6390,20.0
6391,13.034
6392,12.926
6393,20.0
6394,100.0
6395,100.0
6396,20.0
6397,20.0
6398,20.0
6399,7.22
6400,41.49
6401,60.0
6402,60.0
6403,67.49
6404,20.0
6405,40.056
6406,100.0
6407,100.0
6408,100.0
6409,20.0
6410,20.0
6411,60.0
6412,37.62
6413,20.0
6414,20.0
6415,60.0
6416,20.0
6417,66.29
6418,13.196
6419,69.07
6420,37.824
6421,20.0
6422,40.854
6423,20.0
6424,20.0
6425,20.0
6426,19.106
6427,92.36
6428,62.42
6429,18.48
6430,20.0
6431,20.0
6432,12.738
6433,20.0
6434,60.0
6435,20.0
6436,39.246
6437,20.0
6438,64.85
6439,20.0
6440,20.0
6441,60.0
6442,100.0
6443,20.0
6444,60.0
6445,20.0
6446,20.0
6447,100.0
6448,60.0
6449,100.0
6450,100.0
6451,20.0
6452,20.0
6453,20.0
6454,40.254
6455,20.0
6456,64.97
6457,20.0
6458,20.0
6459,69.09
6460,20.0
6461,40.23
6462,60.0
6463,100.0
6464,40.848
6465,100.0
6466,20.0
6467,20.0
6468,20.0
6469,20.0
6470,20.0
6471,20.0
6472,68.12
6473,60.0
6474,12.99
6475,20.0
6476,20.0
6477,20.0
6478,20.0
6479,60.0
6480,20.0
6481,67.1
6482,20.0
6483,20.0
6484,20.0
6485,14.202
6486,20.0
6487,13.908
6488,100.0
6489,100.0
6490,20.0
6491,20.0
6492,20.0
6493,20.0
6494,41.4
6495,41.178
6496,60.0
6497,20.0
6498,10.028
6499,100.0
6500,100.0
6501,100.0
6502,100.0
6503,20.0
6504,20.0
6505,60.0
6506,100.0
6507,20.0
6508,20.0
6509,40.626
6510,20.0
6511,65.52
6512,20.0
6513,12.864
6514,13.34
6515,20.0
6516,36.954
6517,20.0
6518,100.0
6519,20.0
6520,41.55
6521,67.43
6522,13.964
6523,67.08
6524,69.37
6525,60.0
6526,100.0
6527,60.0
6528,40.716
6529,20.0
6530,60.0
6531,20.0
6532,20.0
6533,42.408
6534,60.0
6535,60.0
6536,40.098
6537,60.0
6538,40.35
6539,20.0
6540,61.88
6541,60.0
6542,66.07
6543,20.0
6544,60.0
6545,13.362
6546,13.374
6547,68.02
6548,20.0
6549,20.0
6550,12.7
6551,20.0
6552,39.696
6553,20.0
6554,20.0
6555,20.0
6556,60.0
6557,20.0
6558,20.0
6559,100.0
6560,20.0
6561,60.0
6562,20.0
6563,60.0
6564,20.0
6565,100.0
6566,20.0
6567,60.0
6568,20.0
6569,20.0
6570,40.866
6571,100.0
6572,20.0
6573,41.502
6574,60.0
6575,60.0
6576,20.0
6577,64.27
6578,13.948
6579,60.0
6580,20.0
6581,13.648
6582,20.0
6583,41.142
6584,20.0
6585,20.0
6586,60.0
6587,39.39
6588,13.156
6589,20.0
6590,20.0
6591,20.0
6592,20.0
6593,100.0
6594,60.0
6595,20.0
6596,13.674
6597,100.0
6598,60.0
6599,100.0
6600,20.0
6601,100.0
6602,20.0
6603,40.638
6604,68.64
6605,60.0
6606,60.0
6607,60.0
6608,20.0
6609,40.512
6610,39.876
6611,20.0
6612,100.0
6613,20.0
6614,20.0
6615,100.0
6616,12.836
6617,20.0
6618,20.0
6619,20.0
6620,20.0
6621,100.0
6622,100.0
6623,40.53
6624,64.38
6625,20.0
6626,20.0
6627,20.0
6628,20.0
6629,60.0
6630,20.0
6631,100.0
6632,20.0
6633,20.0
6634,20.0
6635,13.024
6636,20.0
6637,20.0
6638,40.962
6639,43.05
6640,14.0
6641,20.0
6642,100.0
6643,42.06
6644,20.0
6645,65.93
6646,20.0
6647,41.148
6648,20.0
6649,20.0
6650,20.0
6651,20.0
6652,20.0
6653,20.0
6654,20.0
6655,20.0
6656,60.0
6657,60.0
6658,20.0
6659,13.978
6660,20.0
6661,60.0
6662,13.506
6663,60.0
6664,20.0
6665,20.0
6666,60.0
6667,20.0
6668,20.0
6669,61.62
6670,39.576
6671,20.0
6672,41.274
6673,20.0
6674,60.0
6675,13.384
6676,13.574
6677,20.0
6678,20.0
6679,20.0
6680,20.0
6681,100.0
6682,20.0
6683,20.0
6684,20.0
6685,20.0
6686,20.0
6687,20.0
6688,20.0
6689,21.402
6690,60.0
6691,13.416
6692,20.0
6693,20.0
6694,40.842
6695,20.0
6696,20.0
6697,20.0
6698,20.0
6699,40.434
6700,20.0
6701,13.074
6702,13.012
6703,13.486
6704,40.122
6705,41.13
6706,20.0
6707,65.15
6708,65.43
6709,14.296
6710,20.0
6711,20.0
6712,20.0
6713,20.0
6714,100.0
6715,40.11
6716,6.788
6717,20.0
6718,20.0
6719,100.0
6720,20.0
6721,13.152
6722,13.896
6723,40.38
6724,100.0
6725,20.0
6726,20.0
6727,13.41
6728,20.0
6729,100.0
6730,60.0
6731,60.0
6732,13.89
6733,20.0
6734,13.12
6735,67.02
6736,20.0
6737,20.0
6738,68.07
6739,13.322
6740,13.444
6741,66.05
6742,66.9
6743,40.14
6744,20.0
6745,60.0
6746,20.0
6747,20.0
6748,13.296
6749,13.138
6750,13.654
6751,64.87
6752,20.0
6753,39.06
6754,38.808
6755,70.09
6756,41.256
6757,40.068
6758,20.0
6759,20.0
6760,20.0
6761,40.11
6762,60.0
6763,60.0
6764,13.296
6765,60.0
6766,100.0
6767,20.0
6768,20.0
6769,20.0
6770,20.0
6771,20.0
6772,20.0
6773,20.0
6774,60.0
6775,20.0
6776,20.0
6777,20.0
6778,20.0
6779,13.026
6780,100.0
6781,100.0
6782,20.0
6783,37.668
6784,60.0
6785,20.0
6786,20.0
6787,39.888
6788,20.0
6789,100.0
6790,20.0
6791,100.0
6792,20.0
6793,14.442
6794,20.0
6795,60.0
6796,20.0
6797,20.0
6798,20.0
6799,14.04
6800,100.0
6801,68.74
6802,20.0
6803,20.0
6804,39.564
6805,100.0
6806,42.6
6807,20.0
6808,20.0
6809,100.0
6810,100.0
6811,20.0
6812,20.0
6813,100.0
6814,20.0
6815,40.824
6816,20.0
6817,67.08
6818,20.0
6819,20.0
6820,100.0
6821,12.84
6822,60.0
6823,60.0
6824,20.0
6825,100.0
6826,20.0
6827,20.0
6828,20.0
6829,20.0
6830,20.0
6831,13.318
6832,20.0
6833,66.21
6834,20.0
6835,20.0
6836,70.07
6837,20.0
6838,20.0
6839,20.988
6840,13.18
6841,20.0
6842,20.0
6843,20.0
6844,60.0
6845,20.0
6846,20.0
6847,20.0
6848,12.844
6849,70.66
6850,20.0
6851,20.0
6852,14.066
6853,20.0
6854,20.0
6855,14.39
6856,20.0
6857,20.0
6858,60.0
6859,60.0
6860,20.0
6861,20.0
6862,40.398
6863,39.45
6864,68.26
6865,20.0
6866,13.568
6867,40.614
6868,40.668
6869,20.0
6870,12.812
6871,38.34
6872,100.0
6873,100.0
6874,39.924
6875,14.008
6876,20.0
6877,60.0
6878,20.0
6879,20.0
6880,60.0
6881,20.0
6882,13.0
6883,20.0
6884,60.0
6885,20.0
6886,60.0
6887,13.904
6888,13.982
6889,20.0
6890,20.0
6891,20.0
6892,12.804
6893,20.0
6894,20.0
6895,20.0
6896,20.0
6897,60.0
6898,67.49
6899,20.0
6900,20.0
6901,20.0
6902,20.0
6903,13.226
6904,20.0
6905,65.27
6906,20.0
6907,60.0
6908,20.0
6909,20.0
6910,60.0
6911,20.0
6912,20.0
6913,20.0
6914,20.0
6915,38.628
6916,20.0
6917,20.0
6918,12.976
6919,20.0
6920,100.0
6921,20.0
6922,20.0
6923,13.156
6924,14.028
6925,67.63
6926,20.0
6927,20.0
6928,20.0
6929,20.91
6930,64.98
6931,20.0
6932,60.0
6933,20.0
6934,20.0
6935,20.0
6936,20.0
6937,20.0
6938,20.0
6939,20.0
6940,60.0
6941,20.0
6942,20.0
6943,20.0
6944,20.0
6945,100.0
6946,13.794
6947,20.0
6948,60.0
6949,20.0
6950,13.502
6951,100.0
6952,20.0
6953,100.0
6954,20.0
6955,60.0
6956,20.0
6957,14.25
6958,20.0
6959,13.592
6960,67.09
6961,20.0
6962,20.0
6963,100.0
6964,13.734
6965,100.0
6966,60.0
6967,60.0
6968,100.0
6969,20.0
6970,20.0
6971,100.0
6972,60.0
6973,38.454
6974,66.04
6975,20.0
6976,12.758
6977,100.0
6978,20.0
6979,20.0
6980,20.0
6981,20.0
6982,12.652
6983,63.91
6984,20.0
6985,20.0
6986,67.13
6987,20.0
6988,20.0
6989,20.0
6990,100.0
6991,100.0
6992,20.0
6993,100.0
6994,20.0
6995,20.0
6996,20.0
6997,42.87
6998,60.0
6999,60.0
7000,13.968
7001,60.0
7002,20.0
7003,20.0
7004,20.0
7005,100.0
7006,20.0
7007,20.0
7008,20.0
7009,100.0
7010,20.0
7011,20.0
7012,20.0
7013,60.0
7014,100.0
7015,20.0
7016,20.0
7017,20.0
7018,40.182
7019,12.988
7020,20.0
7021,100.0
7022,60.0
7023,13.092
7024,39.612
7025,38.394
7026,20.0
7027,20.0
7028,20.0
7029,20.0
7030,13.922
7031,20.0
7032,67.1
7033,100.0
7034,20.0
7035,20.0
7036,38.586
7037,20.0
7038,20.0
7039,20.0
7040,13.502
7041,60.0
7042,60.0
7043,20.0
7044,39.72
7045,20.0
7046,13.504
7047,20.0
7048,20.0
7049,20.0
7050,20.0
7051,20.0
7052,20.0
7053,20.0
7054,20.0
7055,20.0
7056,20.0
7057,60.0
7058,12.976
7059,13.388
7060,20.0
7061,20.0
7062,20.0
7063,20.0
7064,20.0
7065,20.0
7066,43.692
7067,20.0
7068,40.026
7069,38.022
7070,20.0
7071,14.126
7072,20.0
7073,20.0
7074,20.0
7075,60.0
7076,20.0
7077,20.0
7078,20.0
7079,100.0
7080,60.0
7081,12.896
7082,20.0
7083,60.0
7084,69.42
7085,20.0
7086,13.216
7087,60.0
7088,38.31
7089,20.0
7090,20.0
7091,20.0
7092,13.932
7093,13.694
7094,20.0
7095,20.0
7096,20.0
7097,20.0
7098,20.0
7099,20.0
7100,20.0
7101,20.0
7102,38.754
7103,20.0
7104,20.0
7105,20.0
7106,20.0
7107,20.0
7108,68.58
7109,42.744
7110,13.584
7111,20.0
7112,41.568
7113,20.0
7114,20.0
7115,20.0
7116,20.0
7117,20.0
7118,20.0
7119,40.41
7120,20.0
7121,20.0
7122,65.33
7123,20.0
7124,13.188
7125,20.0
7126,20.0
7127,12.876
7128,20.0
7129,20.0
7130,20.0
7131,39.204
7132,14.214
7133,20.0
7134,20.0
7135,20.0
7136,43.05
7137,20.0
7138,20.0
7139,20.0
7140,20.0
7141,20.0
7142,20.0
7143,20.0
7144,20.0
7145,20.0
7146,60.0
7147,20.0
7148,13.548
7149,13.662
7150,20.0
7151,20.0
7152,20.0
7153,20.0
7154,20.0
7155,20.0
7156,100.0
7157,20.0
7158,60.0
7159,20.0
7160,38.616
7161,100.0
7162,20.0
7163,20.0
7164,20.0
7165,20.0
7166,20.0
7167,13.464
7168,20.0
7169,20.0
7170,21.072
7171,100.0
7172,13.1
7173,20.0
7174,20.0
7175,13.356
7176,20.0
7177,20.0
7178,20.0
7179,20.0
7180,20.0
7181,20.0
7182,100.0
7183,20.0
7184,66.23
7185,38.712
7186,20.0
7187,20.0
7188,20.0
7189,12.744
7190,39.546
7191,60.0
7192,20.0
7193,20.0
7194,20.0
7195,20.0
7196,100.0
7197,20.0
7198,20.0
7199,13.344
7200,67.02
7201,100.0
7202,20.0
7203,20.0
7204,39.984
7205,20.0
7206,60.0
7207,20.0
7208,20.0
7209,20.0
7210,100.0
7211,20.0
7212,20.0
7213,20.0
7214,20.0
7215,20.0
7216,20.0
7217,20.0
7218,20.0
7219,20.0
7220,20.0
7221,20.0
7222,20.0
7223,60.0
7224,20.0
7225,20.0
7226,20.0
7227,20.0
7228,20.0
7229,20.0
7230,20.0
7231,20.0
7232,20.0
7233,20.0
7234,20.0
7235,20.0
7236,20.0
7237,20.0
7238,20.0
7239,20.0
7240,40.176
7241,20.0
7242,20.0
7243,20.0
7244,20.0
7245,13.334
7246,20.0
7247,20.0
7248,20.0
7249,61.62
7250,13.376
7251,20.0
7252,100.0
7253,100.0
7254,100.0
7255,20.0
7256,20.0
7257,12.994
7258,100.0
7259,13.0
7260,64.62
7261,20.0
7262,20.0
7263,100.0
7264,13.65
7265,40.242
7266,100.0
7267,20.0
7268,20.0
7269,60.0
7270,20.0
7271,20.0
7272,20.0
7273,100.0
7274,20.0
7275,100.0
7276,20.73
7277,20.0
7278,60.0
7279,20.0
7280,20.0
7281,60.0
7282,40.248
7283,41.496
7284,40.362
7285,100.0
7286,20.0
7287,20.0
7288,20.0
7289,40.794
7290,13.6
7291,20.0
7292,20.0
7293,20.0
7294,40.41
7295,12.81
7296,13.89
7297,12.976
7298,20.0
7299,42.138
7300,20.0
7301,20.0
7302,20.0
7303,13.066
7304,20.0
7305,66.87
7306,70.07
7307,20.0
7308,20.0
7309,13.158
7310,20.0
7311,20.0
7312,60.0
7313,20.0
7314,20.0
7315,20.0
7316,40.704
7317,69.45
7318,100.0
7319,100.0
7320,20.0
7321,20.0
7322,20.0
7323,20.0
7324,20.0
7325,13.332
7326,13.298
7327,14.014
7328,20.0
7329,14.118
7330,20.0
7331,20.0
7332,20.0
7333,20.0
7334,20.0
7335,20.0
7336,13.41
7337,12.222
7338,20.0
7339,20.0
7340,20.0
7341,20.0
7342,20.0
7343,20.0
7344,60.0
7345,20.0
7346,7.404
7347,20.0
7348,20.0
7349,20.0
7350,20.0
7351,100.0
7352,20.0
7353,20.0
7354,20.0
7355,20.0
7356,20.0
7357,41.898
7358,20.0
7359,20.0
7360,60.0
7361,20.0
7362,100.0
7363,100.0
7364,100.0
7365,60.0
7366,13.482
7367,100.0
7368,20.0
7369,40.998
7370,20.0
7371,13.098
7372,20.0
7373,40.734
7374,37.644
7375,12.326
7376,20.0
7377,20.0
7378,60.0
7379,20.0
7380,20.0
7381,20.0
7382,68.25
7383,20.0
7384,67.99
7385,20.0
7386,20.0
7387,12.984
7388,39.774
7389,20.0
7390,20.0
7391,20.0
7392,60.0
7393,20.0
7394,20.0
7395,21.24
7396,100.0
7397,20.0
7398,20.0
7399,20.0
7400,20.0
7401,20.0
7402,60.0
7403,20.0
7404,20.0
7405,60.0
7406,20.0
7407,20.0
7408,13.76
7409,20.0
7410,13.982
7411,13.452
7412,41.778
7413,20.0
7414,20.0
7415,20.0
7416,41.994
7417,20.0
7418,20.0
7419,20.0
7420,20.0
7421,20.0
7422,13.776
7423,100.0
7424,20.0
7425,20.0
7426,20.0
7427,100.0
7428,36.91
7429,20.0
7430,20.0
7431,20.0
7432,20.0
7433,60.0
7434,60.0
7435,20.0
7436,39.324
7437,12.564
7438,20.0
7439,20.0
7440,20.0
7441,100.0
7442,20.0
7443,20.0
7444,20.0
7445,20.0
7446,20.0
7447,20.0
7448,20.0
7449,13.402
7450,20.0
7451,20.0
7452,60.0
7453,20.0
7454,20.0
7455,20.0
7456,13.792
7457,20.0
7458,20.0
7459,65.41
7460,20.0
7461,20.0
7462,20.0
7463,20.0
7464,20.0
7465,12.55
7466,20.0
7467,13.334
7468,13.834
7469,20.0
7470,20.0
7471,20.0
7472,20.0
7473,20.0
7474,20.0
7475,20.0
7476,20.0
7477,20.0
7478,100.0
7479,20.0
7480,60.0
7481,20.0
7482,20.0
7483,20.0
7484,20.0
7485,20.0
7486,20.0
7487,37.89
7488,20.0
7489,20.0
7490,40.746
7491,13.502
7492,20.0
7493,20.0
7494,20.0
7495,20.0
7496,20.0
7497,38.208
7498,20.0
7499,20.0
7500,20.0
7501,60.0
7502,60.0
7503,100.0
7504,39.624
7505,12.734
7506,20.0
7507,20.0
7508,20.0
7509,20.0
7510,20.0
7511,20.0
7512,20.0
7513,13.38
7514,20.0
7515,20.0
7516,20.0
7517,20.0
7518,20.0
7519,20.0
7520,20.0
7521,20.0
7522,20.0
7523,60.0
7524,20.0
7525,60.0
7526,20.0
7527,20.0
7528,20.0
7529,20.0
7530,20.0
7531,13.15
7532,20.0
7533,20.0
7534,20.0
7535,20.0
7536,20.0
7537,20.0
7538,36.42
7539,20.0
7540,20.0
7541,20.0
7542,20.0
7543,13.024
7544,20.0
7545,20.0
7546,20.0
7547,40.008
7548,100.0
7549,20.0
7550,20.0
7551,20.0
7552,100.0
7553,20.0
7554,60.0
7555,20.0
7556,100.0
7557,39.3
7558,36.11
7559,20.0
7560,20.0
7561,20.0
7562,20.0
7563,20.0
7564,60.0
7565,100.0
7566,20.0
7567,20.0
7568,20.0
7569,100.0
7570,100.0
7571,20.0
7572,100.0
7573,20.0
7574,20.0
7575,12.77
7576,12.912
7577,13.558
7578,20.0
7579,20.0
7580,20.0
7581,20.0
7582,20.0
7583,20.0
7584,20.0
7585,20.0
7586,20.0
7587,20.0
7588,20.0
7589,20.0
7590,13.554
7591,20.0
7592,20.0
7593,20.0
7594,68.51
7595,20.0
7596,20.0
7597,20.0
7598,13.226
7599,20.0
7600,13.128
7601,100.0
7602,13.182
7603,20.0
7604,60.0
7605,60.0
7606,20.0
7607,20.0
7608,20.0
7609,20.0
7610,13.736
7611,20.0
7612,20.0
7613,20.0
7614,20.0
7615,20.0
7616,14.214
7617,60.0
7618,20.0
7619,20.0
7620,20.0
7621,13.616
7622,20.0
7623,20.0
7624,20.0
7625,20.0
7626,20.0
7627,20.0
7628,20.0
7629,100.0
7630,20.0
7631,20.0
7632,42.156
7633,40.806
7634,20.0
7635,20.0
7636,13.886
7637,20.0
7638,39.21
7639,14.51
7640,13.134
7641,14.286
7642,60.0
7643,13.946
7644,20.0
7645,20.0
7646,20.0
7647,20.0
7648,20.0
7649,20.0
7650,20.0
7651,20.0
7652,20.0
7653,20.0
7654,13.882
7655,20.0
7656,20.0
7657,20.0
7658,20.0
7659,100.0
7660,20.0
7661,20.0
7662,14.078
7663,20.0
7664,13.83
7665,20.0
7666,100.0
7667,20.0
7668,14.076
7669,20.0
7670,20.0
7671,20.0
7672,13.18
7673,20.0
7674,20.0
7675,38.358
7676,20.0
7677,20.0
7678,20.0
7679,20.0
7680,20.0
7681,20.0
7682,13.422
7683,20.0
7684,20.0
7685,20.0
7686,39.678
7687,20.0
7688,20.0
7689,14.1
7690,20.0
7691,36.46
7692,20.0
7693,20.0
7694,20.0
7695,20.0
7696,20.0
7697,20.0
7698,20.0
7699,100.0
7700,20.0
7701,20.0
7702,20.0
7703,60.0
7704,60.0
7705,100.0
7706,20.0
7707,20.0
7708,20.0
7709,20.0
7710,20.0
7711,20.0
7712,100.0
7713,20.0
7714,20.0
7715,12.948
7716,14.514
7717,20.0
7718,20.0
7719,20.0
7720,20.0
7721,20.0
7722,13.388
7723,13.334
7724,20.0
7725,39.696
7726,20.0
7727,12.768
7728,20.0
7729,65.66
7730,20.0
7731,13.082
7732,20.0
7733,60.0
7734,20.0
7735,39.126
7736,20.0
7737,60.0
7738,13.576
7739,12.88
7740,20.0
7741,60.0
7742,20.0
7743,20.0
7744,20.0
7745,20.0
7746,20.0
7747,20.0
7748,20.0
7749,100.0
7750,20.0
7751,20.0
7752,20.0
7753,100.0
7754,20.0
7755,20.0
7756,20.0
7757,20.0
